state,facility_name,street_address,city,zip_code,week_ending,certified_bed_count,total_beds,all_adult_hospital_beds,inpatient_beds,all_adult_hospital_inpatient_beds,inpatient_beds_used,all_adult_hospital_inpatient_bed_occupied,total_icu_beds,icu_beds_used,total_adult_patients_hospitalized_confirmed_and_suspected_covid,total_adult_patients_hospitalized_confirmed_covid,total_pediatric_patients_hospitalized_confirmed_and_suspected_covid,total_pediatric_patients_hospitalized_confirmed_covid,staffed_icu_adult_patients_confirmed_and_suspected_covid,staffed_icu_adult_patients_confirmed_covid,deaths_covid
NY,UNITY SPECIALTY HOSPITAL,89 GENESEE STREET,ROCHESTER,14611.0,12/02/2021 12:00:00 AM,40,6.0,6.0,6.0,6.0,6.0,6.0,6.0,6.0,6.0,6.0,6.0,6.0,6.0,6.0,6.0
CA,UCSF BENIOFF CHILDREN'S HOSPITAL OAKLAND,747 52ND STREET,OAKLAND,94609.0,12/02/2021 12:00:00 AM,190,6.0,6.0,6.0,6.0,6.0,6.0,6.0,6.0,6.0,6.0,6.0,6.0,6.0,6.0,6.0
CA,SHARP MESA VISTA HOSPITAL,7850 VISTA HILL AVENUE,SAN DIEGO,92123.0,12/02/2021 12:00:00 AM,149,Yes,Yes,Yes,Yes,Yes,Yes,Yes,Yes,Yes,Yes,Yes,Yes,Yes,Yes,Yes
CA,KAISER FOUNDATION HOSPITAL FONTANA,9961 SIERRA AVE,FONTANA,92335.0,12/02/2021 12:00:00 AM,438,7.0,7.0,7.0,7.0,7.0,7.0,7.0,7.0,7.0,7.0,7.0,7.0,7.0,7.0,7.0
CA,GATEWAYS HOSP  MENTAL HEALTH CTR,1891 EFFIE ST,LOS ANGELES,90026.0,12/02/2021 12:00:00 AM,55,No,No,No,No,No,No,No,No,No,No,No,No,No,No,No
CA,MERCY SAN JUAN MEDICAL CENTER,6501 COYLE AVE,CARMICHAEL,95608.0,12/02/2021 12:00:00 AM,370,7.0,7.0,7.0,7.0,7.0,7.0,7.0,7.0,7.0,7.0,7.0,7.0,7.0,7.0,7.0
CA,NORTHRIDGE HOSPITAL MEDICAL CENTER,18300 ROSCOE BLVD,NORTHRIDGE,91325.0,12/02/2021 12:00:00 AM,435,7.0,7.0,7.0,7.0,7.0,7.0,7.0,7.0,7.0,7.0,7.0,7.0,7.0,7.0,7.0
NY,BERTRAND CHAFFEE HOSPITAL,224 EAST MAIN STREET,SPRINGVILLE,14141.0,12/02/2021 12:00:00 AM,49,7.0,7.0,7.0,7.0,7.0,7.0,7.0,7.0,7.0,7.0,7.0,7.0,7.0,7.0,7.0
CA,SAINT AGNES MEDICAL CENTER,1303 E HERNDON AVE,FRESNO,93710.0,12/02/2021 12:00:00 AM,436,7.0,7.0,7.0,7.0,7.0,7.0,7.0,7.0,7.0,7.0,7.0,7.0,7.0,7.0,7.0
CA,VALLEY CHILDREN'S HOSPITAL,9300 VALLEY CHILDRENS PLACE,MADERA,93636.0,12/02/2021 12:00:00 AM,358,7.0,7.0,7.0,7.0,7.0,7.0,7.0,7.0,7.0,7.0,7.0,7.0,7.0,7.0,7.0
CA,KAISER FOUNDATION HOSP SO SACRAMENTO,6600 BRUCEVILLE ROAD,SACRAMENTO,95823.0,12/02/2021 12:00:00 AM,241,7.0,7.0,7.0,7.0,7.0,7.0,7.0,7.0,7.0,7.0,7.0,7.0,7.0,7.0,7.0
CA,WEST HILLS HOSPITAL & MEDICAL CENTER,7300 MEDICAL CENTER DR,WEST HILLS,91307.0,12/02/2021 12:00:00 AM,236,7.0,7.0,7.0,7.0,7.0,7.0,7.0,7.0,7.0,7.0,7.0,7.0,7.0,7.0,7.0
CA,SHASTA REGIONAL MEDICAL CENTER,1100 BUTTE ST,REDDING,96001.0,12/02/2021 12:00:00 AM,191,6.0,6.0,6.0,6.0,6.0,6.0,6.0,6.0,6.0,6.0,6.0,6.0,6.0,6.0,6.0
NY,BUFFALO PSYCHIATRIC CENTER,400 FOREST AVE,BUFFALO,14213.0,12/02/2021 12:00:00 AM,260,Yes,Yes,Yes,Yes,Yes,Yes,Yes,Yes,Yes,Yes,Yes,Yes,Yes,Yes,Yes
NY,JACOBI MEDICAL CENTER,1400 PELHAM PARKWAY SOUTH,BRONX,10461.0,12/02/2021 12:00:00 AM,457,7.0,7.0,7.0,7.0,7.0,7.0,7.0,7.0,7.0,7.0,7.0,7.0,7.0,7.0,7.0
CA,SUTTER DELTA MEDICAL CENTER,3901 LONE TREE WAY,ANTIOCH,94509.0,12/02/2021 12:00:00 AM,111,7.0,7.0,7.0,7.0,7.0,7.0,7.0,7.0,7.0,7.0,7.0,7.0,7.0,7.0,7.0
CA,REGIONAL MEDICAL CENTER OF SAN JOSE,225 N JACKSON AVENUE,SAN JOSE,95116.0,12/02/2021 12:00:00 AM,264,7.0,7.0,7.0,7.0,7.0,7.0,7.0,7.0,7.0,7.0,7.0,7.0,7.0,7.0,7.0
NY,NORTHERN WESTCHESTER HOSPITAL,400 EAST MAIN STREET,MOUNT KISCO,10549.0,12/02/2021 12:00:00 AM,259,7.0,7.0,7.0,7.0,7.0,7.0,7.0,7.0,7.0,7.0,7.0,7.0,7.0,7.0,7.0
CA,PROVIDENCE HOLY CROSS MEDICAL CENTER,15031 RINALDI ST,MISSION HILLS,91346.0,12/02/2021 12:00:00 AM,257,7.0,7.0,7.0,7.0,7.0,7.0,7.0,7.0,7.0,7.0,7.0,7.0,7.0,7.0,7.0
CA,SAN RAMON REGIONAL MEDICAL CENTER,6001 NORRIS CANYON ROAD,SAN RAMON,94583.0,12/02/2021 12:00:00 AM,123,7.0,7.0,7.0,7.0,7.0,7.0,7.0,7.0,7.0,7.0,7.0,7.0,7.0,7.0,7.0
CA,JEROLD PHELPS COMMUNITY HOSPITAL,733 CEDAR ST,GARBERVILLE,95542.0,12/02/2021 12:00:00 AM,16,7.0,7.0,7.0,7.0,7.0,7.0,7.0,7.0,7.0,7.0,7.0,7.0,7.0,7.0,7.0
NY,ST ELIZABETH MEDICAL CENTER,2209 GENESEE STREET,UTICA,13501.0,12/02/2021 12:00:00 AM,217,7.0,7.0,7.0,7.0,7.0,7.0,7.0,7.0,7.0,7.0,7.0,7.0,7.0,7.0,7.0
NY,LINCOLN MEDICAL & MENTAL HEALTH CENTER,234 EAST 149TH STREET,BRONX,10451.0,12/02/2021 12:00:00 AM,586,7.0,7.0,7.0,7.0,7.0,7.0,7.0,7.0,7.0,7.0,7.0,7.0,7.0,7.0,7.0
CA,ALTA BATES SUMMIT MEDICAL CENTER,350 HAWTHORNE AVENUE,OAKLAND,94609.0,12/02/2021 12:00:00 AM,569,7.0,7.0,7.0,7.0,7.0,7.0,7.0,7.0,7.0,7.0,7.0,7.0,7.0,7.0,7.0
CA,COMMUNITY MEMORIAL HOSPITAL SAN BUENAVENTURA,147 N BRENT ST,VENTURA,93003.0,12/02/2021 12:00:00 AM,242,6.0,6.0,6.0,6.0,6.0,6.0,6.0,6.0,6.0,6.0,6.0,6.0,6.0,6.0,6.0
CA,ST MARY MEDICAL CENTER,1050 LINDEN AVE,LONG BEACH,90813.0,12/02/2021 12:00:00 AM,539,7.0,7.0,7.0,7.0,7.0,7.0,7.0,7.0,7.0,7.0,7.0,7.0,7.0,7.0,7.0
CA,MARINHEALTH MEDICAL CENTER,"250 BON AIR ROAD, PO BOX 8010",GREENBRAE,94904.0,12/02/2021 12:00:00 AM,235,7.0,7.0,7.0,7.0,7.0,7.0,7.0,7.0,7.0,7.0,7.0,7.0,7.0,7.0,7.0
CA,CEDARS-SINAI MEDICAL CENTER,8700 BEVERLY BLVD,LOS ANGELES,90048.0,12/02/2021 12:00:00 AM,848,7.0,7.0,7.0,7.0,7.0,7.0,7.0,7.0,7.0,7.0,7.0,7.0,7.0,7.0,7.0
CA,KINDRED HOSPITAL - SAN DIEGO,1940 EL CAJON BLVD,SAN DIEGO,92104.0,12/02/2021 12:00:00 AM,70,7.0,7.0,7.0,7.0,7.0,7.0,7.0,7.0,7.0,7.0,7.0,7.0,7.0,7.0,7.0
CA,PLUMAS DISTRICT HOSPITAL,1065 BUCKS LAKE ROAD,QUINCY,95971.0,12/02/2021 12:00:00 AM,25,7.0,7.0,7.0,7.0,7.0,7.0,7.0,7.0,7.0,7.0,7.0,7.0,7.0,7.0,7.0
CA,WILLOW ROCK CENTER,2050 FAIRMONT DRIVE,SAN LEANDRO,94578.0,12/02/2021 12:00:00 AM,16,Yes,Yes,Yes,Yes,Yes,Yes,Yes,Yes,Yes,Yes,Yes,Yes,Yes,Yes,Yes
NY,MASSENA HOSPITAL INC,1 HOSPITAL DRIVE,MASSENA,13662.0,12/02/2021 12:00:00 AM,25,7.0,7.0,7.0,7.0,7.0,7.0,7.0,7.0,7.0,7.0,7.0,7.0,7.0,7.0,7.0
CA,ALAMEDA HOSPITAL,2070 CLINTON AVENUE,ALAMEDA,94501.0,12/02/2021 12:00:00 AM,145,7.0,7.0,7.0,7.0,7.0,7.0,7.0,7.0,7.0,7.0,7.0,7.0,7.0,7.0,7.0
CA,PALMDALE REGIONAL MEDICAL CENTER,38600 MEDICAL CENTER DRIVE,PALMDALE,93552.0,12/02/2021 12:00:00 AM,157,7.0,7.0,7.0,7.0,7.0,7.0,7.0,7.0,7.0,7.0,7.0,7.0,7.0,7.0,7.0
NY,FOUR WINDS,800 CROSS RIVER RD,KATONAH,10536.0,12/02/2021 12:00:00 AM,175,Yes,Yes,Yes,Yes,Yes,Yes,Yes,Yes,Yes,Yes,Yes,Yes,Yes,Yes,Yes
NY,WESTERN NY CHILDRENS PSYCHIATRIC CENTER,1010 EAST & WEST ROAD,WEST SENECA,14224.0,12/02/2021 12:00:00 AM,46,Yes,Yes,Yes,Yes,Yes,Yes,Yes,Yes,Yes,Yes,Yes,Yes,Yes,Yes,Yes
CA,LAC/RANCHO LOS AMIGOS NATIONAL REHABILITATION  CTR,7601 EAST IMPERIAL HIGHWAY,DOWNEY,90242.0,12/02/2021 12:00:00 AM,289,7.0,7.0,7.0,7.0,7.0,7.0,7.0,7.0,7.0,7.0,7.0,7.0,7.0,7.0,7.0
NY,NEWARK-WAYNE COMMUNITY HOSPITAL,111 DRIVING PARK AVENUE,NEWARK,14513.0,12/02/2021 12:00:00 AM,120,6.0,6.0,6.0,6.0,6.0,6.0,6.0,6.0,6.0,6.0,6.0,6.0,6.0,6.0,6.0
CA,ALVARADO HOSPITAL MEDICAL CENTER,6655 ALVARADO ROAD,SAN DIEGO,92120.0,12/02/2021 12:00:00 AM,281,7.0,7.0,7.0,7.0,7.0,7.0,7.0,7.0,7.0,7.0,7.0,7.0,7.0,7.0,7.0
CA,SAN DIMAS COMMUNITY HOSPITAL,1350 W COVINA BLVD,SAN DIMAS,91773.0,12/02/2021 12:00:00 AM,101,7.0,7.0,7.0,7.0,7.0,7.0,7.0,7.0,7.0,7.0,7.0,7.0,7.0,7.0,7.0
NY,MARY IMOGENE BASSETT HOSPITAL,ONE ATWELL ROAD,COOPERSTOWN,13326.0,12/02/2021 12:00:00 AM,180,7.0,7.0,7.0,7.0,7.0,7.0,7.0,7.0,7.0,7.0,7.0,7.0,7.0,7.0,7.0
CA,JOHN MUIR MEDICAL CENTER - CONCORD CAMPUS,2540 EAST ST,CONCORD,94520.0,12/02/2021 12:00:00 AM,303,7.0,7.0,7.0,7.0,7.0,7.0,7.0,7.0,7.0,7.0,7.0,7.0,7.0,7.0,7.0
NY,"UNITED HEALTH SERVICES HOSPITALS, INC",10-42 MITCHELL AVENUE,BINGHAMTON,13903.0,12/02/2021 12:00:00 AM,500,5.0,5.0,5.0,5.0,5.0,5.0,5.0,5.0,5.0,5.0,5.0,5.0,5.0,5.0,5.0
CA,SAINT FRANCIS MEDICAL CENTER,3630 EAST IMPERIAL HIGHWAY,LYNWOOD,90262.0,12/02/2021 12:00:00 AM,448,7.0,7.0,7.0,7.0,7.0,7.0,7.0,7.0,7.0,7.0,7.0,7.0,7.0,7.0,7.0
CA,WHITTIER HOSPITAL MEDICAL CENTER,9080 COLIMA RD,WHITTIER,90605.0,12/02/2021 12:00:00 AM,151,7.0,7.0,7.0,7.0,7.0,7.0,7.0,7.0,7.0,7.0,7.0,7.0,7.0,7.0,7.0
NY,"COMMUNITY MEMORIAL HOSPITAL, INC",150 BROAD STREET,HAMILTON,13346.0,12/02/2021 12:00:00 AM,25,7.0,7.0,7.0,7.0,7.0,7.0,7.0,7.0,7.0,7.0,7.0,7.0,7.0,7.0,7.0
CA,SIERRA VIEW MEDICAL CENTER,465 W PUTNAM AVE,PORTERVILLE,93257.0,12/02/2021 12:00:00 AM,120,7.0,7.0,7.0,7.0,7.0,7.0,7.0,7.0,7.0,7.0,7.0,7.0,7.0,7.0,7.0
NY,CLIFTON SPRINGS HOSPITAL AND CLINIC,2 COULTER ROAD,CLIFTON SPRINGS,14432.0,12/02/2021 12:00:00 AM,154,6.0,6.0,6.0,6.0,6.0,6.0,6.0,6.0,6.0,6.0,6.0,6.0,6.0,6.0,6.0
CA,OCEAN VIEW PSYCHIATRIC HEALTH FACILITY,"2600 REDONDO AVENUE, SUITE 500",LONG BEACH,90806.0,12/02/2021 12:00:00 AM,20,Yes,Yes,Yes,Yes,Yes,Yes,Yes,Yes,Yes,Yes,Yes,Yes,Yes,Yes,Yes
NY,SUNY HEALTH SCIENCE CENTER AT BROOKLYN UNIVERSITY,445 LENOX ROAD,BROOKLYN,11203.0,12/02/2021 12:00:00 AM,376,7.0,7.0,7.0,7.0,7.0,7.0,7.0,7.0,7.0,7.0,7.0,7.0,7.0,7.0,7.0
CA,MERCY HOSPITAL,2215 TRUXTUN AVENUE,BAKERSFIELD,93301.0,12/02/2021 12:00:00 AM,211,7.0,7.0,7.0,7.0,7.0,7.0,7.0,7.0,7.0,7.0,7.0,7.0,7.0,7.0,7.0
CA,ST ROSE HOSPITAL,27200 CALAROGA AVE,HAYWARD,94545.0,12/02/2021 12:00:00 AM,129,7.0,7.0,7.0,7.0,7.0,7.0,7.0,7.0,7.0,7.0,7.0,7.0,7.0,7.0,7.0
NY,CALVARY HOSPITAL INC,1740 - 70 EASTCHESTER R0AD,BRONX,10461.0,12/02/2021 12:00:00 AM,225,6.0,6.0,6.0,6.0,6.0,6.0,6.0,6.0,6.0,6.0,6.0,6.0,6.0,6.0,6.0
CA,MAD RIVER COMMUNITY HOSPITAL,3800 JANES RD,ARCATA,95521.0,12/02/2021 12:00:00 AM,80,5.0,5.0,5.0,5.0,5.0,5.0,5.0,5.0,5.0,5.0,5.0,5.0,5.0,5.0,5.0
NY,MOUNT SINAI WEST,1000 TENTH AVENUE,NEW YORK,10019.0,12/02/2021 12:00:00 AM,1028,7.0,7.0,7.0,7.0,7.0,7.0,7.0,7.0,7.0,7.0,7.0,7.0,7.0,7.0,7.0
CA,KAISER FOUNDATION HOSPITAL - SOUTH SAN FRANCISCO,1200 EL CAMINO REAL,SOUTH SAN FRANCISCO,94080.0,12/02/2021 12:00:00 AM,120,7.0,7.0,7.0,7.0,7.0,7.0,7.0,7.0,7.0,7.0,7.0,7.0,7.0,7.0,7.0
CA,KAISER FOUNDATION HOSPITAL - SAN LEANDRO,2500 MERCED STREET,SAN LEANDRO,94577.0,12/02/2021 12:00:00 AM,108,7.0,7.0,7.0,7.0,7.0,7.0,7.0,7.0,7.0,7.0,7.0,7.0,7.0,7.0,7.0
CA,TORRANCE MEMORIAL MEDICAL CENTER,3330 LOMITA BLVD,TORRANCE,90509.0,12/02/2021 12:00:00 AM,380,7.0,7.0,7.0,7.0,7.0,7.0,7.0,7.0,7.0,7.0,7.0,7.0,7.0,7.0,7.0
CA,ZUCKERBERG SAN FRANCISCO GENERAL HOSP & TRAUMA CTR,1001 POTRERO AVENUE,SAN FRANCISCO,94110.0,12/02/2021 12:00:00 AM,397,6.0,6.0,6.0,6.0,6.0,6.0,6.0,6.0,6.0,6.0,6.0,6.0,6.0,6.0,6.0
NY,ST JOSEPH HOSPITAL,4295 HEMPSTEAD TURNPIKE,BETHPAGE,11714.0,12/02/2021 12:00:00 AM,203,7.0,7.0,7.0,7.0,7.0,7.0,7.0,7.0,7.0,7.0,7.0,7.0,7.0,7.0,7.0
NY,METROPOLITAN HOSPITAL CENTER,1901 FIRST AVENUE,NEW YORK,10029.0,12/02/2021 12:00:00 AM,363,7.0,7.0,7.0,7.0,7.0,7.0,7.0,7.0,7.0,7.0,7.0,7.0,7.0,7.0,7.0
NY,"CUBA MEMORIAL HOSPITAL, INC",140 WEST MAIN STREET,CUBA,14727.0,12/02/2021 12:00:00 AM,20,7.0,7.0,7.0,7.0,7.0,7.0,7.0,7.0,7.0,7.0,7.0,7.0,7.0,7.0,7.0
NY,QUEENS HOSPITAL CENTER,82-68 164TH STREET,JAMAICA,11432.0,12/02/2021 12:00:00 AM,581,7.0,7.0,7.0,7.0,7.0,7.0,7.0,7.0,7.0,7.0,7.0,7.0,7.0,7.0,7.0
NY,KIRBY FORENSIC PSYCHIATRIC CENTER,WARD ISLAND,NEW YORK,10035.0,12/02/2021 12:00:00 AM,164,Yes,Yes,Yes,Yes,Yes,Yes,Yes,Yes,Yes,Yes,Yes,Yes,Yes,Yes,Yes
NY,JOHN T MATHER MEMORIAL HOSPITAL  OF PORT JEFFERSON,75 NORTH COUNTRY ROAD,PORT JEFFERSON,11777.0,12/02/2021 12:00:00 AM,248,7.0,7.0,7.0,7.0,7.0,7.0,7.0,7.0,7.0,7.0,7.0,7.0,7.0,7.0,7.0
CA,COLUSA MEDICAL CENTER,199 E WEBSTER STREET,COLUSA,95932.0,12/02/2021 12:00:00 AM,48,7.0,7.0,7.0,7.0,7.0,7.0,7.0,7.0,7.0,7.0,7.0,7.0,7.0,7.0,7.0
NY,GOUVERNEUR HOSPITAL,77 WEST BARNEY STREET,GOUVERNEUR,13642.0,12/02/2021 12:00:00 AM,25,7.0,7.0,7.0,7.0,7.0,7.0,7.0,7.0,7.0,7.0,7.0,7.0,7.0,7.0,7.0
NY,VASSAR BROTHERS MEDICAL CENTER,45 READE PLACE,POUGHKEEPSIE,12601.0,12/02/2021 12:00:00 AM,365,7.0,7.0,7.0,7.0,7.0,7.0,7.0,7.0,7.0,7.0,7.0,7.0,7.0,7.0,7.0
CA,VENTURA COUNTY MEDICAL CENTER,300 HILLMONT AVENUE,VENTURA,93003.0,12/02/2021 12:00:00 AM,272,7.0,7.0,7.0,7.0,7.0,7.0,7.0,7.0,7.0,7.0,7.0,7.0,7.0,7.0,7.0
CA,UNIVERSITY OF CALIFORNIA DAVIS MEDICAL CENTER,2315 STOCKTON BOULEVARD,SACRAMENTO,95817.0,12/02/2021 12:00:00 AM,631,7.0,7.0,7.0,7.0,7.0,7.0,7.0,7.0,7.0,7.0,7.0,7.0,7.0,7.0,7.0
CA,TRINITY HOSPITAL,60 EASTER AVENUE,WEAVERVILLE,96093.0,12/02/2021 12:00:00 AM,25,7.0,7.0,7.0,7.0,7.0,7.0,7.0,7.0,7.0,7.0,7.0,7.0,7.0,7.0,7.0
NY,NIAGARA FALLS MEMORIAL MEDICAL CENTER,621 TENTH STREET,NIAGARA FALLS,14302.0,12/02/2021 12:00:00 AM,171,7.0,7.0,7.0,7.0,7.0,7.0,7.0,7.0,7.0,7.0,7.0,7.0,7.0,7.0,7.0
CA,SELECT SPECIALTY HOSPITAL - SAN DIEGO,555 WASHINGTON STREET,SAN DIEGO,92103.0,12/02/2021 12:00:00 AM,110,7.0,7.0,7.0,7.0,7.0,7.0,7.0,7.0,7.0,7.0,7.0,7.0,7.0,7.0,7.0
CA,SANTA MONICA - UCLA MED CTR & ORTHOPAEDIC HOSPITAL,1250 16TH STREET,SANTA MONICA,90404.0,12/02/2021 12:00:00 AM,331,7.0,7.0,7.0,7.0,7.0,7.0,7.0,7.0,7.0,7.0,7.0,7.0,7.0,7.0,7.0
NY,WYOMING COUNTY COMMUNITY HOSPITAL,400 NORTH MAIN STREET,WARSAW,14569.0,12/02/2021 12:00:00 AM,62,3.0,3.0,3.0,3.0,3.0,3.0,3.0,3.0,3.0,3.0,3.0,3.0,3.0,3.0,3.0
NY,COBLESKILL REGIONAL HOSPITAL,178 GRANDVIEW DRIVE,COBLESKILL,12043.0,12/02/2021 12:00:00 AM,40,7.0,7.0,7.0,7.0,7.0,7.0,7.0,7.0,7.0,7.0,7.0,7.0,7.0,7.0,7.0
CA,NOVATO COMMUNITY HOSPITAL,180 ROWLAND WAY,NOVATO,94945.0,12/02/2021 12:00:00 AM,75,7.0,7.0,7.0,7.0,7.0,7.0,7.0,7.0,7.0,7.0,7.0,7.0,7.0,7.0,7.0
CA,ST JOSEPH'S BEHAVIORAL HEALTH CENTER,2510 N  CALIFORNIA ST,STOCKTON,95204.0,12/02/2021 12:00:00 AM,35,Yes,Yes,Yes,Yes,Yes,Yes,Yes,Yes,Yes,Yes,Yes,Yes,Yes,Yes,Yes
CA,CENTINELA HOSPITAL MEDICAL CENTER,555 EAST HARDY STREET,INGLEWOOD,90301.0,12/02/2021 12:00:00 AM,346,7.0,7.0,7.0,7.0,7.0,7.0,7.0,7.0,7.0,7.0,7.0,7.0,7.0,7.0,7.0
CA,STANFORD HEALTH CARE,300 PASTEUR DRIVE,STANFORD,94305.0,12/02/2021 12:00:00 AM,613,7.0,7.0,7.0,7.0,7.0,7.0,7.0,7.0,7.0,7.0,7.0,7.0,7.0,7.0,7.0
CA,HOAG ORTHOPEDIC INSTITUTE,16250 SAND CANYON AVENUE,IRVINE,92618.0,12/02/2021 12:00:00 AM,70,7.0,7.0,7.0,7.0,7.0,7.0,7.0,7.0,7.0,7.0,7.0,7.0,7.0,7.0,7.0
CA,ALTA BATES SUMMIT MEDICAL CENTER - ALTA BATES CAMP,2450 ASHBY AVENUE,BERKELEY,94705.0,12/02/2021 12:00:00 AM,555,7.0,7.0,7.0,7.0,7.0,7.0,7.0,7.0,7.0,7.0,7.0,7.0,7.0,7.0,7.0
CA,BEAR VALLEY COMMUNITY HOSPITAL,41870 GARSTIN DR,BIG BEAR LAKE,92315.0,12/02/2021 12:00:00 AM,25,6.0,6.0,6.0,6.0,6.0,6.0,6.0,6.0,6.0,6.0,6.0,6.0,6.0,6.0,6.0
NY,SARATOGA HOSPITAL,211 CHURCH STREET,SARATOGA SPRINGS,12866.0,12/02/2021 12:00:00 AM,171,7.0,7.0,7.0,7.0,7.0,7.0,7.0,7.0,7.0,7.0,7.0,7.0,7.0,7.0,7.0
CA,RIVERSIDE UNIVERSITY HEALTH SYSTEM-MEDICAL CENTER,26520 CACTUS AVENUE,MORENO VALLEY,92555.0,12/02/2021 12:00:00 AM,439,7.0,7.0,7.0,7.0,7.0,7.0,7.0,7.0,7.0,7.0,7.0,7.0,7.0,7.0,7.0
CA,KAISER FOUNDATION HOSPITAL - SAN FRANCISCO,2425 GEARY BLVD,SAN FRANCISCO,94115.0,12/02/2021 12:00:00 AM,239,7.0,7.0,7.0,7.0,7.0,7.0,7.0,7.0,7.0,7.0,7.0,7.0,7.0,7.0,7.0
CA,PROVIDENCE ST JOSEPH HOSPITAL,2700 DOLBEER ST,EUREKA,95501.0,12/02/2021 12:00:00 AM,140,7.0,7.0,7.0,7.0,7.0,7.0,7.0,7.0,7.0,7.0,7.0,7.0,7.0,7.0,7.0
CA,PIH HOSPITAL - DOWNEY,11500 BROOKSHIRE AVENUE,DOWNEY,90241.0,12/02/2021 12:00:00 AM,167,7.0,7.0,7.0,7.0,7.0,7.0,7.0,7.0,7.0,7.0,7.0,7.0,7.0,7.0,7.0
CA,COMMUNITY REGIONAL MEDICAL CENTER,2823 FRESNO STREET,FRESNO,93721.0,12/02/2021 12:00:00 AM,794,7.0,7.0,7.0,7.0,7.0,7.0,7.0,7.0,7.0,7.0,7.0,7.0,7.0,7.0,7.0
NY,ELLIS HOSPITAL,1101 NOTT STREET,SCHENECTADY,12308.0,12/02/2021 12:00:00 AM,368,7.0,7.0,7.0,7.0,7.0,7.0,7.0,7.0,7.0,7.0,7.0,7.0,7.0,7.0,7.0
CA,COLLEGE HOSPITAL,10802 COLLEGE PL,CERRITOS,90703.0,12/02/2021 12:00:00 AM,125,Yes,Yes,Yes,Yes,Yes,Yes,Yes,Yes,Yes,Yes,Yes,Yes,Yes,Yes,Yes
NY,ST CHARLES HOSPITAL,200 BELLE TERRE ROAD,PORT JEFFERSON,11777.0,12/02/2021 12:00:00 AM,231,7.0,7.0,7.0,7.0,7.0,7.0,7.0,7.0,7.0,7.0,7.0,7.0,7.0,7.0,7.0
CA,ENCOMPASS HEALTH REHABILITATON HOSPITAL OF BAKERS,5001 COMMERCE DRIVE,BAKERSFIELD,93309.0,12/02/2021 12:00:00 AM,86,Yes,Yes,Yes,Yes,Yes,Yes,Yes,Yes,Yes,Yes,Yes,Yes,Yes,Yes,Yes
NY,CLIFTON FINE HOSPITAL,1014 OSWEGATCHIE TRAIL,STAR LAKE,13690.0,12/02/2021 12:00:00 AM,20,7.0,7.0,7.0,7.0,7.0,7.0,7.0,7.0,7.0,7.0,7.0,7.0,7.0,7.0,7.0
NY,MONROE COMMUNITY HOSPITAL,435 EAST HENRIETTA ROAD,ROCHESTER,14620.0,12/02/2021 12:00:00 AM,5,7.0,7.0,7.0,7.0,7.0,7.0,7.0,7.0,7.0,7.0,7.0,7.0,7.0,7.0,7.0
CA,SIERRA VISTA REGIONAL MEDICAL CENTER,1010 MURRAY ST,SAN LUIS OBISPO,93405.0,12/02/2021 12:00:00 AM,171,7.0,7.0,7.0,7.0,7.0,7.0,7.0,7.0,7.0,7.0,7.0,7.0,7.0,7.0,7.0
CA,KAISER FOUNDATION HOSPITAL - WEST LA,6041 CADILLAC AVE,LOS ANGELES,90034.0,12/02/2021 12:00:00 AM,293,7.0,7.0,7.0,7.0,7.0,7.0,7.0,7.0,7.0,7.0,7.0,7.0,7.0,7.0,7.0
NY,MAIMONIDES MEDICAL CENTER,4802 TENTH AVENUE,BROOKLYN,11219.0,12/02/2021 12:00:00 AM,711,7.0,7.0,7.0,7.0,7.0,7.0,7.0,7.0,7.0,7.0,7.0,7.0,7.0,7.0,7.0
CA,VIBRA REHABILITATION HOSPITAL OF RANCHO MIRAGE,70077 RAMON RD,RANCHO MIRAGE,92270.0,12/02/2021 12:00:00 AM,50,Yes,Yes,Yes,Yes,Yes,Yes,Yes,Yes,Yes,Yes,Yes,Yes,Yes,Yes,Yes
CA,MERCY MEDICAL CENTER MT SHASTA,914 PINE STREET,MOUNT SHASTA,96067.0,12/02/2021 12:00:00 AM,25,7.0,7.0,7.0,7.0,7.0,7.0,7.0,7.0,7.0,7.0,7.0,7.0,7.0,7.0,7.0
CA,LAC/HARBOR-UCLA MED CENTER,1000 W CARSON ST,TORRANCE,90502.0,12/02/2021 12:00:00 AM,538,7.0,7.0,7.0,7.0,7.0,7.0,7.0,7.0,7.0,7.0,7.0,7.0,7.0,7.0,7.0
CA,KAISER FOUNDATION HOSPITAL-SANTA CLARA,700 LAWRENCE EXPRESSWAY,SANTA CLARA,95051.0,12/02/2021 12:00:00 AM,327,7.0,7.0,7.0,7.0,7.0,7.0,7.0,7.0,7.0,7.0,7.0,7.0,7.0,7.0,7.0
CA,PROVIDENCE SANTA ROSA MEMORIAL HOSPITAL,1165 MONTGOMERY DR,SANTA ROSA,95405.0,12/02/2021 12:00:00 AM,292,7.0,7.0,7.0,7.0,7.0,7.0,7.0,7.0,7.0,7.0,7.0,7.0,7.0,7.0,7.0
NY,OLEAN GENERAL HOSPITAL,515 MAIN STREET,OLEAN,14760.0,12/02/2021 12:00:00 AM,186,7.0,7.0,7.0,7.0,7.0,7.0,7.0,7.0,7.0,7.0,7.0,7.0,7.0,7.0,7.0
CA,KINDRED HOSPITAL RANCHO,10841 WHITE OAK AVENUE,RANCHO CUCAMONGA,91730.0,12/02/2021 12:00:00 AM,55,7.0,7.0,7.0,7.0,7.0,7.0,7.0,7.0,7.0,7.0,7.0,7.0,7.0,7.0,7.0
CA,SUTTER DAVIS HOSPITAL,2000 SUTTER PLACE,DAVIS,95616.0,12/02/2021 12:00:00 AM,48,7.0,7.0,7.0,7.0,7.0,7.0,7.0,7.0,7.0,7.0,7.0,7.0,7.0,7.0,7.0
CA,EAST LOS ANGELES DOCTORS HOSPITAL,4060 WHITTIER BLVD,LOS ANGELES,90023.0,12/02/2021 12:00:00 AM,102,7.0,7.0,7.0,7.0,7.0,7.0,7.0,7.0,7.0,7.0,7.0,7.0,7.0,7.0,7.0
CA,DOCTORS HOSPITAL OF MANTECA,1205 E NORTH STREET,MANTECA,95336.0,12/02/2021 12:00:00 AM,71,7.0,7.0,7.0,7.0,7.0,7.0,7.0,7.0,7.0,7.0,7.0,7.0,7.0,7.0,7.0
CA,ADVENTIST HEALTH TEHACHAPI VALLEY,1100 MAGELLAN,TEHACHAPI,93561.0,12/02/2021 12:00:00 AM,24,7.0,7.0,7.0,7.0,7.0,7.0,7.0,7.0,7.0,7.0,7.0,7.0,7.0,7.0,7.0
CA,VALLEY PRESBYTERIAN HOSPITAL,15107 VANOWEN ST,VAN NUYS,91406.0,12/02/2021 12:00:00 AM,362,7.0,7.0,7.0,7.0,7.0,7.0,7.0,7.0,7.0,7.0,7.0,7.0,7.0,7.0,7.0
NY,ADIRONDACK MEDICAL CENTER - SARANAC LAKE,"2233 STATE ROUTE 86, PO BOX 471",SARANAC LAKE,12983.0,12/02/2021 12:00:00 AM,95,7.0,7.0,7.0,7.0,7.0,7.0,7.0,7.0,7.0,7.0,7.0,7.0,7.0,7.0,7.0
CA,VICTOR VALLEY GLOBAL MEDICAL CENTER,15248 11TH ST,VICTORVILLE,92392.0,12/02/2021 12:00:00 AM,101,7.0,7.0,7.0,7.0,7.0,7.0,7.0,7.0,7.0,7.0,7.0,7.0,7.0,7.0,7.0
CA,SANTA YNEZ VALLEY COTTAGE HOSPITAL,2050 VIBORG RD,SOLVANG,93463.0,12/02/2021 12:00:00 AM,11,7.0,7.0,7.0,7.0,7.0,7.0,7.0,7.0,7.0,7.0,7.0,7.0,7.0,7.0,7.0
NY,ROCHESTER PSYCHIATRIC CENTER,1600 SOUTH AVE,ROCHESTER,14620.0,12/02/2021 12:00:00 AM,247,Yes,Yes,Yes,Yes,Yes,Yes,Yes,Yes,Yes,Yes,Yes,Yes,Yes,Yes,Yes
CA,GLENDALE ADVENTIST MEDICAL CENTER,1509 E WILSON TERRACE,GLENDALE,91206.0,12/02/2021 12:00:00 AM,515,7.0,7.0,7.0,7.0,7.0,7.0,7.0,7.0,7.0,7.0,7.0,7.0,7.0,7.0,7.0
NY,MOUNT SINAI BETH ISRAEL,FIRST AVENUE AT 16TH STREET,NEW YORK,10003.0,12/02/2021 12:00:00 AM,1111,7.0,7.0,7.0,7.0,7.0,7.0,7.0,7.0,7.0,7.0,7.0,7.0,7.0,7.0,7.0
CA,CHILDREN'S HOSPITAL AT MISSION,"27700 MEDICAL CENTER RD, 5TH FLOOR",MISSION VIEJO,92691.0,12/02/2021 12:00:00 AM,54,7.0,7.0,7.0,7.0,7.0,7.0,7.0,7.0,7.0,7.0,7.0,7.0,7.0,7.0,7.0
CA,AURORA LAS ENCINAS HOSPITAL,2900 E DEL MAR BLVD,PASADENA,91107.0,12/02/2021 12:00:00 AM,96,Yes,Yes,Yes,Yes,Yes,Yes,Yes,Yes,Yes,Yes,Yes,Yes,Yes,Yes,Yes
CA,ADVENTIST HEALTH ST HELENA,10 WOODLAND ROAD,SAINT HELENA,94574.0,12/02/2021 12:00:00 AM,168,7.0,7.0,7.0,7.0,7.0,7.0,7.0,7.0,7.0,7.0,7.0,7.0,7.0,7.0,7.0
CA,AURORA SAN DIEGO,11878 AVENUE OF INDUSTRY,SAN DIEGO,92128.0,12/02/2021 12:00:00 AM,80,Yes,Yes,Yes,Yes,Yes,Yes,Yes,Yes,Yes,Yes,Yes,Yes,Yes,Yes,Yes
CA,MERCY HOSPITAL OF FOLSOM,1650 CREEKSIDE DRIVE,FOLSOM,95630.0,12/02/2021 12:00:00 AM,106,7.0,7.0,7.0,7.0,7.0,7.0,7.0,7.0,7.0,7.0,7.0,7.0,7.0,7.0,7.0
NY,ARNOT OGDEN MEDICAL CENTER,600 ROE AVENUE,ELMIRA,14905.0,12/02/2021 12:00:00 AM,266,7.0,7.0,7.0,7.0,7.0,7.0,7.0,7.0,7.0,7.0,7.0,7.0,7.0,7.0,7.0
CA,METHODIST HOSPITAL OF SOUTHERN CA,300 W HUNTINGTON DR,ARCADIA,91006.0,12/02/2021 12:00:00 AM,374,7.0,7.0,7.0,7.0,7.0,7.0,7.0,7.0,7.0,7.0,7.0,7.0,7.0,7.0,7.0
NY,STRONG MEMORIAL HOSPITAL,601 ELMWOOD AVE,ROCHESTER,14642.0,12/02/2021 12:00:00 AM,739,7.0,7.0,7.0,7.0,7.0,7.0,7.0,7.0,7.0,7.0,7.0,7.0,7.0,7.0,7.0
CA,ALHAMBRA HOSPITAL MEDICAL CENTER,100 S RAYMOND AVE,ALHAMBRA,91801.0,12/02/2021 12:00:00 AM,118,7.0,7.0,7.0,7.0,7.0,7.0,7.0,7.0,7.0,7.0,7.0,7.0,7.0,7.0,7.0
NY,NICHOLAS H NOYES MEMORIAL HOSPITAL,111  CLARA BARTON STREET,DANSVILLE,14437.0,12/02/2021 12:00:00 AM,72,7.0,7.0,7.0,7.0,7.0,7.0,7.0,7.0,7.0,7.0,7.0,7.0,7.0,7.0,7.0
CA,LOMA LINDA UNIVERSITY MEDICAL CENTER,11234 ANDERSON ST,LOMA LINDA,92354.0,12/02/2021 12:00:00 AM,533,7.0,7.0,7.0,7.0,7.0,7.0,7.0,7.0,7.0,7.0,7.0,7.0,7.0,7.0,7.0
NY,NYU LANGONE HOSPITALS,550 FIRST AVENUE,NEW YORK,10016.0,12/02/2021 12:00:00 AM,1069,7.0,7.0,7.0,7.0,7.0,7.0,7.0,7.0,7.0,7.0,7.0,7.0,7.0,7.0,7.0
CA,ADVENTIST HEALTH DELANO,1401 GARCES HIGHWAY,DELANO,93215.0,12/02/2021 12:00:00 AM,156,7.0,7.0,7.0,7.0,7.0,7.0,7.0,7.0,7.0,7.0,7.0,7.0,7.0,7.0,7.0
CA,SOUTHWEST HEALTHCARE SYSTEM,25500 MEDICAL CENTER DRIVE,MURRIETA,92562.0,12/02/2021 12:00:00 AM,250,7.0,7.0,7.0,7.0,7.0,7.0,7.0,7.0,7.0,7.0,7.0,7.0,7.0,7.0,7.0
CA,CALIFORNIA PACIFIC MEDICAL CENTER - MISSION BERNAL,3555 CESAR CHAVEZ,SAN FRANCISCO,94110.0,12/02/2021 12:00:00 AM,120,7.0,7.0,7.0,7.0,7.0,7.0,7.0,7.0,7.0,7.0,7.0,7.0,7.0,7.0,7.0
NY,STATEN ISLAND UNIVERSITY HOSPITAL,475 SEAVIEW AVENUE,STATEN ISLAND,10305.0,12/02/2021 12:00:00 AM,714,7.0,7.0,7.0,7.0,7.0,7.0,7.0,7.0,7.0,7.0,7.0,7.0,7.0,7.0,7.0
CA,ST ELIZABETH COMMUNITY HOSPITAL,2550 SISTER MARY COLUMBA DRIVE,RED BLUFF,96080.0,12/02/2021 12:00:00 AM,76,7.0,7.0,7.0,7.0,7.0,7.0,7.0,7.0,7.0,7.0,7.0,7.0,7.0,7.0,7.0
NY,SISTERS OF CHARITY HOSPITAL,2157 MAIN STREET,BUFFALO,14214.0,12/02/2021 12:00:00 AM,413,7.0,7.0,7.0,7.0,7.0,7.0,7.0,7.0,7.0,7.0,7.0,7.0,7.0,7.0,7.0
CA,PROVIDENCE QUEEN OF THE VALLEY MEDICAL CENTER,1000 TRANCAS ST,NAPA,94558.0,12/02/2021 12:00:00 AM,147,7.0,7.0,7.0,7.0,7.0,7.0,7.0,7.0,7.0,7.0,7.0,7.0,7.0,7.0,7.0
NY,UNIVERSITY HOSPITAL S U N Y HEALTH SCIENCE CENTER,750 EAST ADAMS STREET,SYRACUSE,13210.0,12/02/2021 12:00:00 AM,430,7.0,7.0,7.0,7.0,7.0,7.0,7.0,7.0,7.0,7.0,7.0,7.0,7.0,7.0,7.0
CA,KAISER FOUNDATION HOSPITAL - SOUTH BAY,25825 SOUTH VERMONT AVENUE,HARBOR CITY,90710.0,12/02/2021 12:00:00 AM,251,7.0,7.0,7.0,7.0,7.0,7.0,7.0,7.0,7.0,7.0,7.0,7.0,7.0,7.0,7.0
CA,ADVENTIST HEALTH REEDLEY,372 W CYPRESS AVE,REEDLEY,93654.0,12/02/2021 12:00:00 AM,49,7.0,7.0,7.0,7.0,7.0,7.0,7.0,7.0,7.0,7.0,7.0,7.0,7.0,7.0,7.0
CA,TENET HEALTH CENTRAL TWIN CITIES COMMUNITY HOSP,1100 LAS TABLAS RD,TEMPLETON,93465.0,12/02/2021 12:00:00 AM,114,7.0,7.0,7.0,7.0,7.0,7.0,7.0,7.0,7.0,7.0,7.0,7.0,7.0,7.0,7.0
CA,GOLETA VALLEY COTTAGE HOSPITAL,351 S PATTERSON AVE,SANTA BARBARA,93111.0,12/02/2021 12:00:00 AM,67,7.0,7.0,7.0,7.0,7.0,7.0,7.0,7.0,7.0,7.0,7.0,7.0,7.0,7.0,7.0
CA,FRESNO SURGICAL HOSPITAL,6125 NORTH FRESNO ST,FRESNO,93710.0,12/02/2021 12:00:00 AM,31,7.0,7.0,7.0,7.0,7.0,7.0,7.0,7.0,7.0,7.0,7.0,7.0,7.0,7.0,7.0
CA,ORANGE COUNTY GLOBAL MEDICAL CENTER,1001 NORTH TUSTIN AVENUE,SANTA ANA,92705.0,12/02/2021 12:00:00 AM,282,7.0,7.0,7.0,7.0,7.0,7.0,7.0,7.0,7.0,7.0,7.0,7.0,7.0,7.0,7.0
NY,LENOX HILL HOSPITAL,100 EAST 77TH STREET,NEW YORK,10021.0,12/02/2021 12:00:00 AM,652,7.0,7.0,7.0,7.0,7.0,7.0,7.0,7.0,7.0,7.0,7.0,7.0,7.0,7.0,7.0
NY,GARNET HEALTH MEDICAL CENTER-CATSKILLS(GMHERMANN),8081 STATE ROUTE 97,CALLICOON,12723.0,12/02/2021 12:00:00 AM,15,7.0,7.0,7.0,7.0,7.0,7.0,7.0,7.0,7.0,7.0,7.0,7.0,7.0,7.0,7.0
NY,EASTERN NIAGARA HOSPITAL - LOCKPORT DIVISION,521 EAST AVENUE,LOCKPORT,14094.0,12/02/2021 12:00:00 AM,134,7.0,7.0,7.0,7.0,7.0,7.0,7.0,7.0,7.0,7.0,7.0,7.0,7.0,7.0,7.0
CA,WATSONVILLE COMMUNITY HOSPITAL,75 NIELSON STREET,WATSONVILLE,95076.0,12/02/2021 12:00:00 AM,106,7.0,7.0,7.0,7.0,7.0,7.0,7.0,7.0,7.0,7.0,7.0,7.0,7.0,7.0,7.0
CA,TELECARE HERITAGE PSYCHIATRIC HEALTH FACILITY,"2633 E 27TH STREET, BUILDING B",OAKLAND,94601.0,12/02/2021 12:00:00 AM,26,Yes,Yes,Yes,Yes,Yes,Yes,Yes,Yes,Yes,Yes,Yes,Yes,Yes,Yes,Yes
CA,COMMUNITY HOSPITAL OF THE MONTEREY PENINSULA,23625 W R HOLMAN HIGHWAY,MONTEREY,93940.0,12/02/2021 12:00:00 AM,258,7.0,7.0,7.0,7.0,7.0,7.0,7.0,7.0,7.0,7.0,7.0,7.0,7.0,7.0,7.0
CA,KAISER FOUNDATION HOSPITAL - BALDWIN PARK,1011 BALDWIN PARK BLVD,BALDWIN PARK,91706.0,12/02/2021 12:00:00 AM,269,7.0,7.0,7.0,7.0,7.0,7.0,7.0,7.0,7.0,7.0,7.0,7.0,7.0,7.0,7.0
CA,"AURORA BEHAVIORAL HEALTHCARE-SANTA ROSA, LLC",1287 FULTON ROAD,SANTA ROSA,95401.0,12/02/2021 12:00:00 AM,95,Yes,Yes,Yes,Yes,Yes,Yes,Yes,Yes,Yes,Yes,Yes,Yes,Yes,Yes,Yes
CA,"WEST COVINA MEDICAL CENTER, INC",725 S ORANGE AVE,WEST COVINA,91790.0,12/02/2021 12:00:00 AM,57,7.0,7.0,7.0,7.0,7.0,7.0,7.0,7.0,7.0,7.0,7.0,7.0,7.0,7.0,7.0
NY,TERENCE CARDINAL COOKE HEALTH CARE CENTER,1249 FIFTH AVENUE,NEW YORK,10029.0,12/02/2021 12:00:00 AM,56,7.0,7.0,7.0,7.0,7.0,7.0,7.0,7.0,7.0,7.0,7.0,7.0,7.0,7.0,7.0
CA,OROVILLE HOSPITAL,2767 OLIVE HIGHWAY,OROVILLE,95966.0,12/02/2021 12:00:00 AM,133,7.0,7.0,7.0,7.0,7.0,7.0,7.0,7.0,7.0,7.0,7.0,7.0,7.0,7.0,7.0
CA,ADVENTIST HEALTH HANFORD,115 MALL DRIVE,HANFORD,93230.0,12/02/2021 12:00:00 AM,230,7.0,7.0,7.0,7.0,7.0,7.0,7.0,7.0,7.0,7.0,7.0,7.0,7.0,7.0,7.0
NY,CAPITAL DISTRICT PSYCH CENTER,75 NEW SCOTLAND AVE,ALBANY,12208.0,12/02/2021 12:00:00 AM,165,Yes,Yes,Yes,Yes,Yes,Yes,Yes,Yes,Yes,Yes,Yes,Yes,Yes,Yes,Yes
CA,SENECA DISTRICT HOSPITAL,130 BRENTWOOD DRIVE,CHESTER,96020.0,12/02/2021 12:00:00 AM,26,7.0,7.0,7.0,7.0,7.0,7.0,7.0,7.0,7.0,7.0,7.0,7.0,7.0,7.0,7.0
CA,COAST PLAZA HOSPITAL,13100 STUDERBAKER ROAD,NORWALK,90650.0,12/02/2021 12:00:00 AM,105,7.0,7.0,7.0,7.0,7.0,7.0,7.0,7.0,7.0,7.0,7.0,7.0,7.0,7.0,7.0
CA,FRENCH HOSPITAL MEDICAL CENTER,1911 JOHNSON AVE,SAN LUIS OBISPO,93401.0,12/02/2021 12:00:00 AM,112,7.0,7.0,7.0,7.0,7.0,7.0,7.0,7.0,7.0,7.0,7.0,7.0,7.0,7.0,7.0
CA,RIVERSIDE COMMUNITY HOSPITAL,4445 MAGNOLIA AVENUE,RIVERSIDE,92501.0,12/02/2021 12:00:00 AM,478,7.0,7.0,7.0,7.0,7.0,7.0,7.0,7.0,7.0,7.0,7.0,7.0,7.0,7.0,7.0
CA,SUTTER TRACY COMMUNITY HOSPITAL,1420 NORTH TRACY BLVD,TRACY,95376.0,12/02/2021 12:00:00 AM,82,7.0,7.0,7.0,7.0,7.0,7.0,7.0,7.0,7.0,7.0,7.0,7.0,7.0,7.0,7.0
NY,PUTNAM HOSPITAL CENTER,670 STONELEIGH AVENUE,CARMEL,10512.0,12/02/2021 12:00:00 AM,164,7.0,7.0,7.0,7.0,7.0,7.0,7.0,7.0,7.0,7.0,7.0,7.0,7.0,7.0,7.0
NY,MERCY MEDICAL CENTER,1000 NORTH VILLAGE AVENUE,ROCKVILLE CENTRE,11570.0,12/02/2021 12:00:00 AM,375,7.0,7.0,7.0,7.0,7.0,7.0,7.0,7.0,7.0,7.0,7.0,7.0,7.0,7.0,7.0
CA,CONTRA COSTA REGIONAL MEDICAL CENTER,2500 ALHAMBRA AVENUE,MARTINEZ,94553.0,12/02/2021 12:00:00 AM,164,7.0,7.0,7.0,7.0,7.0,7.0,7.0,7.0,7.0,7.0,7.0,7.0,7.0,7.0,7.0
CA,CHILDREN'S HOSP OF LOS ANGELES,"4650 SUNSET BLVD, MS 108",LOS ANGELES,90027.0,12/02/2021 12:00:00 AM,302,7.0,7.0,7.0,7.0,7.0,7.0,7.0,7.0,7.0,7.0,7.0,7.0,7.0,7.0,7.0
NY,ALICE HYDE MEDICAL CENTER,"133 PARK STREET, PO BOX 729",MALONE,12953.0,12/02/2021 12:00:00 AM,76,7.0,7.0,7.0,7.0,7.0,7.0,7.0,7.0,7.0,7.0,7.0,7.0,7.0,7.0,7.0
CA,CORONA REGIONAL MEDICAL CENTER,800 SOUTH MAIN STREET,CORONA,92882.0,12/02/2021 12:00:00 AM,240,7.0,7.0,7.0,7.0,7.0,7.0,7.0,7.0,7.0,7.0,7.0,7.0,7.0,7.0,7.0
NY,RICHMOND UNIVERSITY MEDICAL CENTER,355 BARD AVENUE,STATEN ISLAND,10310.0,12/02/2021 12:00:00 AM,473,7.0,7.0,7.0,7.0,7.0,7.0,7.0,7.0,7.0,7.0,7.0,7.0,7.0,7.0,7.0
CA,ENCOMPASS HEALTH REHABILITATION HOSPITAL OF MURRIE,35470 WHITEWOOD RD,MURRIETA,92563.0,12/02/2021 12:00:00 AM,50,Yes,Yes,Yes,Yes,Yes,Yes,Yes,Yes,Yes,Yes,Yes,Yes,Yes,Yes,Yes
CA,SUTTER CENTER FOR PSYCHIATRY,7700 FOLSOM BLVD,SACRAMENTO,95826.0,12/02/2021 12:00:00 AM,73,Yes,Yes,Yes,Yes,Yes,Yes,Yes,Yes,Yes,Yes,Yes,Yes,Yes,Yes,Yes
NY,ROSWELL PARK CANCER INSTITUTE,ELM AND CARLTON STREETS,BUFFALO,14203.0,12/02/2021 12:00:00 AM,133,7.0,7.0,7.0,7.0,7.0,7.0,7.0,7.0,7.0,7.0,7.0,7.0,7.0,7.0,7.0
NY,BELLEVUE HOSPITAL CENTER,462 FIRST AVENUE,NEW YORK,10016.0,12/02/2021 12:00:00 AM,912,7.0,7.0,7.0,7.0,7.0,7.0,7.0,7.0,7.0,7.0,7.0,7.0,7.0,7.0,7.0
NY,HENRY J CARTER SPECIALTY HOSPITAL,1752 PARK AVENUE,NEW YORK,10035.0,12/02/2021 12:00:00 AM,411,7.0,7.0,7.0,7.0,7.0,7.0,7.0,7.0,7.0,7.0,7.0,7.0,7.0,7.0,7.0
NY,LITTLE FALLS HOSPITAL,140 BURWELL STREET,LITTLE FALLS,13365.0,12/02/2021 12:00:00 AM,25,7.0,7.0,7.0,7.0,7.0,7.0,7.0,7.0,7.0,7.0,7.0,7.0,7.0,7.0,7.0
CA,GOOD SAMARITAN HOSPITAL,1225 WILSHIRE BOULEVARD,LOS ANGELES,90017.0,12/02/2021 12:00:00 AM,380,7.0,7.0,7.0,7.0,7.0,7.0,7.0,7.0,7.0,7.0,7.0,7.0,7.0,7.0,7.0
NY,PECONIC BAY MEDICAL CENTER,1 HEROS WAY,RIVERHEAD,11901.0,12/02/2021 12:00:00 AM,122,7.0,7.0,7.0,7.0,7.0,7.0,7.0,7.0,7.0,7.0,7.0,7.0,7.0,7.0,7.0
NY,SAMARITAN HOSPITAL,2215 BURDETT AVENUE,TROY,12180.0,12/02/2021 12:00:00 AM,238,7.0,7.0,7.0,7.0,7.0,7.0,7.0,7.0,7.0,7.0,7.0,7.0,7.0,7.0,7.0
CA,LOMA LINDA UNIVERSITY CHILDREN'S HOSPITAL,11234 ANDERSON STREET SUITE A,LOMA LINDA,92354.0,12/02/2021 12:00:00 AM,343,7.0,7.0,7.0,7.0,7.0,7.0,7.0,7.0,7.0,7.0,7.0,7.0,7.0,7.0,7.0
CA,JOHN F KENNEDY MEMORIAL HOSPITAL,47111 MONROE STREET,INDIO,92201.0,12/02/2021 12:00:00 AM,156,7.0,7.0,7.0,7.0,7.0,7.0,7.0,7.0,7.0,7.0,7.0,7.0,7.0,7.0,7.0
NY,RIVER HOSPITAL CLINICS,4 FULLER STREET,ALEXANDRIA BAY,13607.0,12/02/2021 12:00:00 AM,24,7.0,7.0,7.0,7.0,7.0,7.0,7.0,7.0,7.0,7.0,7.0,7.0,7.0,7.0,7.0
CA,PETALUMA VALLEY HOSPITAL,400 N MCDOWELL BLVD,PETALUMA,94954.0,12/02/2021 12:00:00 AM,97,7.0,7.0,7.0,7.0,7.0,7.0,7.0,7.0,7.0,7.0,7.0,7.0,7.0,7.0,7.0
CA,KINDRED HOSPITAL RIVERSIDE,2224 MEDICAL CENTER DRIVE,PERRIS,92571.0,12/02/2021 12:00:00 AM,40,7.0,7.0,7.0,7.0,7.0,7.0,7.0,7.0,7.0,7.0,7.0,7.0,7.0,7.0,7.0
NY,FLUSHING HOSPITAL MEDICAL CENTER,45TH AVENUE AND PARSONS BOULEVARD,FLUSHING,11355.0,12/02/2021 12:00:00 AM,293,7.0,7.0,7.0,7.0,7.0,7.0,7.0,7.0,7.0,7.0,7.0,7.0,7.0,7.0,7.0
CA,BEVERLY HOSPITAL,309 W BEVERLY BLVD,MONTEBELLO,90640.0,12/02/2021 12:00:00 AM,214,7.0,7.0,7.0,7.0,7.0,7.0,7.0,7.0,7.0,7.0,7.0,7.0,7.0,7.0,7.0
NY,SOUTHSIDE HOSPITAL,301 EAST MAIN STREET,BAY SHORE,11706.0,12/02/2021 12:00:00 AM,341,7.0,7.0,7.0,7.0,7.0,7.0,7.0,7.0,7.0,7.0,7.0,7.0,7.0,7.0,7.0
CA,ST JOSEPH'S MEDICAL CENTER OF STOCKTON,1800 N CALIFORNIA ST,STOCKTON,95204.0,12/02/2021 12:00:00 AM,335,7.0,7.0,7.0,7.0,7.0,7.0,7.0,7.0,7.0,7.0,7.0,7.0,7.0,7.0,7.0
CA,ADVENTIST HEALTH HOWARD MEMORIAL,1 MARCELA DR,WILLITS,95490.0,12/02/2021 12:00:00 AM,25,7.0,7.0,7.0,7.0,7.0,7.0,7.0,7.0,7.0,7.0,7.0,7.0,7.0,7.0,7.0
CA,"KAISER FOUNDATION HOSPITAL, RIVERSIDE",10800 MAGNOLIA AVENUE,RIVERSIDE,92505.0,12/02/2021 12:00:00 AM,226,7.0,7.0,7.0,7.0,7.0,7.0,7.0,7.0,7.0,7.0,7.0,7.0,7.0,7.0,7.0
NY,BROOKLYN HOSPITAL CENTER - DOWNTOWN CAMPUS,121 DEKALB AVENUE,BROOKLYN,11201.0,12/02/2021 12:00:00 AM,464,7.0,7.0,7.0,7.0,7.0,7.0,7.0,7.0,7.0,7.0,7.0,7.0,7.0,7.0,7.0
CA,MERCY MEDICAL CENTER,333 MERCY AVENUE,MERCED,95340.0,12/02/2021 12:00:00 AM,186,7.0,7.0,7.0,7.0,7.0,7.0,7.0,7.0,7.0,7.0,7.0,7.0,7.0,7.0,7.0
CA,DEPT OF STATE HOSPITALS - METROPOLITAN - PSY,11401 S NORWALK BLVD,NORWALK,90650.0,12/02/2021 12:00:00 AM,46,Yes,Yes,Yes,Yes,Yes,Yes,Yes,Yes,Yes,Yes,Yes,Yes,Yes,Yes,Yes
CA,PROVIDENCE MISSION HOSPITAL,27700 MEDICAL CENTER RD,MISSION VIEJO,92691.0,12/02/2021 12:00:00 AM,565,7.0,7.0,7.0,7.0,7.0,7.0,7.0,7.0,7.0,7.0,7.0,7.0,7.0,7.0,7.0
NY,ST LAWRENCE PSYCH CENTER,ONE CHIMNEY POINT DRIVE,OGDENSBURG,13669.0,12/02/2021 12:00:00 AM,108,Yes,Yes,Yes,Yes,Yes,Yes,Yes,Yes,Yes,Yes,Yes,Yes,Yes,Yes,Yes
CA,MONTCLAIR HOSPITAL MEDICAL CENTER,5000 SAN BERNARDINO ST,MONTCLAIR,91763.0,12/02/2021 12:00:00 AM,106,7.0,7.0,7.0,7.0,7.0,7.0,7.0,7.0,7.0,7.0,7.0,7.0,7.0,7.0,7.0
CA,SCRIPPS GREEN HOSPITAL,10666 NORTH TORREY PINES ROAD,LA JOLLA,92037.0,12/02/2021 12:00:00 AM,173,7.0,7.0,7.0,7.0,7.0,7.0,7.0,7.0,7.0,7.0,7.0,7.0,7.0,7.0,7.0
CA,KAISER FOUNDATION HOSPITAL - OAKLAND/RICHMOND,275 WEST MACARTHUR BOULEVARD,OAKLAND,94611.0,12/02/2021 12:00:00 AM,348,7.0,7.0,7.0,7.0,7.0,7.0,7.0,7.0,7.0,7.0,7.0,7.0,7.0,7.0,7.0
CA,KAISER FOUNDATION HOSPITAL - WOODLAND HILLS,5601 DE SOTO AVENUE,WOODLAND HILLS,91367.0,12/02/2021 12:00:00 AM,218,7.0,7.0,7.0,7.0,7.0,7.0,7.0,7.0,7.0,7.0,7.0,7.0,7.0,7.0,7.0
CA,MAYERS MEMORIAL HOSPITAL,43563 HWY 299 EAST,FALL RIVER MILLS,96028.0,12/02/2021 12:00:00 AM,22,7.0,7.0,7.0,7.0,7.0,7.0,7.0,7.0,7.0,7.0,7.0,7.0,7.0,7.0,7.0
NY,ST JOHN'S EPISCOPAL HOSPITAL AT SOUTH SHORE,327 BEACH 19TH STREET,FAR ROCKAWAY,11691.0,12/02/2021 12:00:00 AM,257,5.0,5.0,5.0,5.0,5.0,5.0,5.0,5.0,5.0,5.0,5.0,5.0,5.0,5.0,5.0
CA,"SIERRA VISTA HOSPITAL, INC",8001 BRUCEVILLE ROAD,SACRAMENTO,95823.0,12/02/2021 12:00:00 AM,171,Yes,Yes,Yes,Yes,Yes,Yes,Yes,Yes,Yes,Yes,Yes,Yes,Yes,Yes,Yes
CA,HOLLYWOOD PRESBYTERIAN MEDICAL CENTER,1300 N VERMONT AVE,LOS ANGELES,90027.0,12/02/2021 12:00:00 AM,345,7.0,7.0,7.0,7.0,7.0,7.0,7.0,7.0,7.0,7.0,7.0,7.0,7.0,7.0,7.0
CA,KINDRED HOSPITAL ONTARIO,550 NORTH MONTEREY,ONTARIO,91764.0,12/02/2021 12:00:00 AM,91,7.0,7.0,7.0,7.0,7.0,7.0,7.0,7.0,7.0,7.0,7.0,7.0,7.0,7.0,7.0
NY,SOUTH BEACH PSYCHIATRIC CENTER,777 SEAVIEW AVE,STATEN ISLAND,10305.0,12/02/2021 12:00:00 AM,260,Yes,Yes,Yes,Yes,Yes,Yes,Yes,Yes,Yes,Yes,Yes,Yes,Yes,Yes,Yes
NY,HEALTHALLIANCE HOSPITAL MARYS AVENUE CAMPUS,105 MARY'S AVENUE,KINGSTON,12401.0,12/02/2021 12:00:00 AM,222,7.0,7.0,7.0,7.0,7.0,7.0,7.0,7.0,7.0,7.0,7.0,7.0,7.0,7.0,7.0
CA,GOOD SAMARITAN HOSPITAL,901 OLIVE DRIVE,BAKERSFIELD,93308.0,12/02/2021 12:00:00 AM,64,7.0,7.0,7.0,7.0,7.0,7.0,7.0,7.0,7.0,7.0,7.0,7.0,7.0,7.0,7.0
NY,BRONX PSYCHIATRIC CENTER,1500 WATERS PLACE,BRONX,10461.0,12/02/2021 12:00:00 AM,412,Yes,Yes,Yes,Yes,Yes,Yes,Yes,Yes,Yes,Yes,Yes,Yes,Yes,Yes,Yes
CA,AHMC ANAHEIM REGIONAL MEDICAL CENTER,1111 W LA PALMA AVENUE,ANAHEIM,92801.0,12/02/2021 12:00:00 AM,186,7.0,7.0,7.0,7.0,7.0,7.0,7.0,7.0,7.0,7.0,7.0,7.0,7.0,7.0,7.0
CA,ST BERNARDINE MEDICAL CENTER,2101 N WATERMAN AVE,SAN BERNARDINO,92404.0,12/02/2021 12:00:00 AM,291,7.0,7.0,7.0,7.0,7.0,7.0,7.0,7.0,7.0,7.0,7.0,7.0,7.0,7.0,7.0
CA,TOTALLY KIDS REHABILITATION HOSPITAL,1720 MOUNTAIN VIEW AVENUE,LOMA LINDA,92354.0,12/02/2021 12:00:00 AM,25,Yes,Yes,Yes,Yes,Yes,Yes,Yes,Yes,Yes,Yes,Yes,Yes,Yes,Yes,Yes
CA,HEALDSBURG HOSPITAL,1375 UNIVERSITY AVENUE,HEALDSBURG,95448.0,12/02/2021 12:00:00 AM,26,7.0,7.0,7.0,7.0,7.0,7.0,7.0,7.0,7.0,7.0,7.0,7.0,7.0,7.0,7.0
NY,HUDSON VALLEY HOSPITAL CENTER,1980 CROMPOND ROAD,CORTLANDT MANOR,10567.0,12/02/2021 12:00:00 AM,128,7.0,7.0,7.0,7.0,7.0,7.0,7.0,7.0,7.0,7.0,7.0,7.0,7.0,7.0,7.0
CA,KINDRED HOSPITAL - LOS ANGELES,5525  W SLAUSON AVENUE,LOS ANGELES,90056.0,12/02/2021 12:00:00 AM,81,7.0,7.0,7.0,7.0,7.0,7.0,7.0,7.0,7.0,7.0,7.0,7.0,7.0,7.0,7.0
CA,ADVENTIST HEALTH UKIAH VALLEY,275 HOSPITAL DRIVE,UKIAH,95482.0,12/02/2021 12:00:00 AM,111,7.0,7.0,7.0,7.0,7.0,7.0,7.0,7.0,7.0,7.0,7.0,7.0,7.0,7.0,7.0
NY,KINGS COUNTY HOSPITAL CENTER,451 CLARKSON AVENUE,BROOKLYN,11203.0,12/02/2021 12:00:00 AM,639,7.0,7.0,7.0,7.0,7.0,7.0,7.0,7.0,7.0,7.0,7.0,7.0,7.0,7.0,7.0
CA,CHINO VALLEY MEDICAL CENTER,5451 WALNUT AVE,CHINO,91710.0,12/02/2021 12:00:00 AM,112,7.0,7.0,7.0,7.0,7.0,7.0,7.0,7.0,7.0,7.0,7.0,7.0,7.0,7.0,7.0
NY,ST JOSEPH'S HOSPITAL HEALTH CENTER,301 PROSPECT AVENUE,SYRACUSE,13203.0,12/02/2021 12:00:00 AM,431,7.0,7.0,7.0,7.0,7.0,7.0,7.0,7.0,7.0,7.0,7.0,7.0,7.0,7.0,7.0
CA,ST JOHNS REGIONAL MEDICAL CENTER,1600 N ROSE AVE,OXNARD,93030.0,12/02/2021 12:00:00 AM,243,7.0,7.0,7.0,7.0,7.0,7.0,7.0,7.0,7.0,7.0,7.0,7.0,7.0,7.0,7.0
CA,CLOVIS COMMUNITY MEDICAL CENTER,2755 HERNDON AVE,CLOVIS,93611.0,12/02/2021 12:00:00 AM,109,7.0,7.0,7.0,7.0,7.0,7.0,7.0,7.0,7.0,7.0,7.0,7.0,7.0,7.0,7.0
NY,ST MARY'S HEALTHCARE,427 GUY PARK AVENUE,AMSTERDAM,12010.0,12/02/2021 12:00:00 AM,149,7.0,7.0,7.0,7.0,7.0,7.0,7.0,7.0,7.0,7.0,7.0,7.0,7.0,7.0,7.0
NY,NEW YORK-PRESBYTERIAN/QUEENS,56-45 MAIN STREET,FLUSHING,11355.0,12/02/2021 12:00:00 AM,535,7.0,7.0,7.0,7.0,7.0,7.0,7.0,7.0,7.0,7.0,7.0,7.0,7.0,7.0,7.0
CA,PORTERVILLE DEVELOPMENTAL CENTER,26501 AVENUE 140,PORTERVILLE,93257.0,12/02/2021 12:00:00 AM,44,7.0,7.0,7.0,7.0,7.0,7.0,7.0,7.0,7.0,7.0,7.0,7.0,7.0,7.0,7.0
NY,ST JAMES HOSPITAL,7329 SENECA ROAD NORTH,HORNELL,14843.0,12/02/2021 12:00:00 AM,157,7.0,7.0,7.0,7.0,7.0,7.0,7.0,7.0,7.0,7.0,7.0,7.0,7.0,7.0,7.0
CA,WHITE MEMORIAL MEDICAL CENTER,1720 E CESAR AVENUE,LOS ANGELES,90033.0,12/02/2021 12:00:00 AM,336,7.0,7.0,7.0,7.0,7.0,7.0,7.0,7.0,7.0,7.0,7.0,7.0,7.0,7.0,7.0
CA,BALLARD REHABILITATION HOSPITAL,1760 WEST 16TH ST,SAN BERNARDINO,92411.0,12/02/2021 12:00:00 AM,60,Yes,Yes,Yes,Yes,Yes,Yes,Yes,Yes,Yes,Yes,Yes,Yes,Yes,Yes,Yes
CA,"L A DOWNTOWN MEDICAL CENTER, LLC",1711 WEST TEMPLE STREET,LOS ANGELES,90026.0,12/02/2021 12:00:00 AM,187,7.0,7.0,7.0,7.0,7.0,7.0,7.0,7.0,7.0,7.0,7.0,7.0,7.0,7.0,7.0
NY,CLAXTON-HEPBURN MEDICAL CENTER,214 KING STREET,OGDENSBURG,13669.0,12/02/2021 12:00:00 AM,130,7.0,7.0,7.0,7.0,7.0,7.0,7.0,7.0,7.0,7.0,7.0,7.0,7.0,7.0,7.0
CA,DEPT OF STATE HOSPITALS - NAPA,2100 NAPA VALLEJO HIGHWAY,NAPA,94558.0,12/02/2021 12:00:00 AM,36,Yes,Yes,Yes,Yes,Yes,Yes,Yes,Yes,Yes,Yes,Yes,Yes,Yes,Yes,Yes
CA,FRESNO HEART AND SURGICAL HOSPITAL,15 EAST AUDUBON DRIVE,FRESNO,93720.0,12/02/2021 12:00:00 AM,57,7.0,7.0,7.0,7.0,7.0,7.0,7.0,7.0,7.0,7.0,7.0,7.0,7.0,7.0,7.0
CA,KAISER FOUNDATION HOSPITAL,99 MONTECILLO RD,SAN RAFAEL,94903.0,12/02/2021 12:00:00 AM,120,7.0,7.0,7.0,7.0,7.0,7.0,7.0,7.0,7.0,7.0,7.0,7.0,7.0,7.0,7.0
CA,PATIENTS' HOSPITAL OF REDDING,2900 EUREKA WAY,REDDING,96001.0,12/02/2021 12:00:00 AM,10,7.0,7.0,7.0,7.0,7.0,7.0,7.0,7.0,7.0,7.0,7.0,7.0,7.0,7.0,7.0
CA,SHRINERS HOSPITALS FOR CHILDREN NORTHERN CALIF,2425 STOCKTON BOULEVARD,SACRAMENTO,95817.0,12/02/2021 12:00:00 AM,80,7.0,7.0,7.0,7.0,7.0,7.0,7.0,7.0,7.0,7.0,7.0,7.0,7.0,7.0,7.0
NY,SAGAMORE CHILDREN'S PSYCHIATRIC CENTER,197 HALF  HOLLOW ROAD,DIX HILLS,11746.0,12/02/2021 12:00:00 AM,44,Yes,Yes,Yes,Yes,Yes,Yes,Yes,Yes,Yes,Yes,Yes,Yes,Yes,Yes,Yes
CA,LOS ROBLES HOSPITAL & MEDICAL CENTER,215 W JANSS RD,THOUSAND OAKS,91360.0,12/02/2021 12:00:00 AM,231,7.0,7.0,7.0,7.0,7.0,7.0,7.0,7.0,7.0,7.0,7.0,7.0,7.0,7.0,7.0
NY,MONTEFIORE NEW ROCHELLE HOSPITAL,16 GUION PLACE,NEW ROCHELLE,10802.0,12/02/2021 12:00:00 AM,242,7.0,7.0,7.0,7.0,7.0,7.0,7.0,7.0,7.0,7.0,7.0,7.0,7.0,7.0,7.0
CA,PROVIDENCE REDWOOD MEMORIAL HOSPITAL,3300 RENNER DRIVE,FORTUNA,95540.0,12/02/2021 12:00:00 AM,25,7.0,7.0,7.0,7.0,7.0,7.0,7.0,7.0,7.0,7.0,7.0,7.0,7.0,7.0,7.0
CA,SOUTH COAST GLOBAL MEDICAL CENTER,2701 S BRISTOL ST,SANTA ANA,92704.0,12/02/2021 12:00:00 AM,178,7.0,7.0,7.0,7.0,7.0,7.0,7.0,7.0,7.0,7.0,7.0,7.0,7.0,7.0,7.0
CA,VIBRA HOSPITAL OF NORTHERN CALIFORNIA,2801 EUREKA WAY,REDDING,96001.0,12/02/2021 12:00:00 AM,56,7.0,7.0,7.0,7.0,7.0,7.0,7.0,7.0,7.0,7.0,7.0,7.0,7.0,7.0,7.0
NY,MERCY HOSPITAL OF BUFFALO,565 ABBOTT ROAD,BUFFALO,14220.0,12/02/2021 12:00:00 AM,387,7.0,7.0,7.0,7.0,7.0,7.0,7.0,7.0,7.0,7.0,7.0,7.0,7.0,7.0,7.0
CA,SHARP CORONADO HOSPITAL AND HLTHCR CTR,250 PROSPECT PLACE,CORONADO,92118.0,12/02/2021 12:00:00 AM,158,7.0,7.0,7.0,7.0,7.0,7.0,7.0,7.0,7.0,7.0,7.0,7.0,7.0,7.0,7.0
NY,SOUTH OAKS HOSP,400 SUNRISE HIGHWAY,AMITYVILLE,11701.0,12/02/2021 12:00:00 AM,245,Yes,Yes,Yes,Yes,Yes,Yes,Yes,Yes,Yes,Yes,Yes,Yes,Yes,Yes,Yes
CA,USC KENNETH NORRIS JR CANCER HOSPITAL,1441 EASTLAKE AVE,LOS ANGELES,90089.0,12/02/2021 12:00:00 AM,60,6.0,6.0,6.0,6.0,6.0,6.0,6.0,6.0,6.0,6.0,6.0,6.0,6.0,6.0,6.0
NY,BRONXCARE HOSPITAL CENTER,1276 FULTON AVENUE,BRONX,10456.0,12/02/2021 12:00:00 AM,579,7.0,7.0,7.0,7.0,7.0,7.0,7.0,7.0,7.0,7.0,7.0,7.0,7.0,7.0,7.0
CA,KAISER FOUNDATION HOSPITAL - SACRAMENTO,2025 MORSE AVENUE,SACRAMENTO,95825.0,12/02/2021 12:00:00 AM,628,7.0,7.0,7.0,7.0,7.0,7.0,7.0,7.0,7.0,7.0,7.0,7.0,7.0,7.0,7.0
NY,BROOKDALE HOSPITAL MEDICAL CENTER,1 BROOKDALE PLAZA,BROOKLYN,11212.0,12/02/2021 12:00:00 AM,1120,7.0,7.0,7.0,7.0,7.0,7.0,7.0,7.0,7.0,7.0,7.0,7.0,7.0,7.0,7.0
CA,CASA COLINA HOSPITAL,255 E BONITA AVE,POMONA,91767.0,12/02/2021 12:00:00 AM,99,7.0,7.0,7.0,7.0,7.0,7.0,7.0,7.0,7.0,7.0,7.0,7.0,7.0,7.0,7.0
NY,PLAINVIEW HOSPITAL,888 OLD COUNTRY ROAD,PLAINVIEW,11803.0,12/02/2021 12:00:00 AM,204,7.0,7.0,7.0,7.0,7.0,7.0,7.0,7.0,7.0,7.0,7.0,7.0,7.0,7.0,7.0
CA,ENCINO HOSPITAL MEDICAL CENTER,16237 VENTURA BLVD,ENCINO,91436.0,12/02/2021 12:00:00 AM,150,7.0,7.0,7.0,7.0,7.0,7.0,7.0,7.0,7.0,7.0,7.0,7.0,7.0,7.0,7.0
NY,KENMORE MERCY HOSPITAL,2950 ELMWOOD AVENUE,KENMORE,14217.0,12/02/2021 12:00:00 AM,184,7.0,7.0,7.0,7.0,7.0,7.0,7.0,7.0,7.0,7.0,7.0,7.0,7.0,7.0,7.0
NY,CONEY ISLAND HOSPITAL CENTER,2601 OCEAN PARKWAY,BROOKLYN,11235.0,12/02/2021 12:00:00 AM,371,7.0,7.0,7.0,7.0,7.0,7.0,7.0,7.0,7.0,7.0,7.0,7.0,7.0,7.0,7.0
CA,EMANATE HEALTH FOOTHILL PRESBYTERIAN HOSPITAL,250 S GRAND AVE,GLENDORA,91740.0,12/02/2021 12:00:00 AM,106,7.0,7.0,7.0,7.0,7.0,7.0,7.0,7.0,7.0,7.0,7.0,7.0,7.0,7.0,7.0
CA,OJAI VALLEY COMMUNITY HOSPITAL,1306 MARICOPA HWY,OJAI,93023.0,12/02/2021 12:00:00 AM,91,6.0,6.0,6.0,6.0,6.0,6.0,6.0,6.0,6.0,6.0,6.0,6.0,6.0,6.0,6.0
NY,WYCKOFF HEIGHTS MEDICAL CENTER,374 STOCKHOLM STREET,BROOKLYN,11237.0,12/02/2021 12:00:00 AM,324,7.0,7.0,7.0,7.0,7.0,7.0,7.0,7.0,7.0,7.0,7.0,7.0,7.0,7.0,7.0
NY,MONTEFIORE MEDICAL CENTER,111 EAST 210TH STREET,BRONX,10467.0,12/02/2021 12:00:00 AM,1491,7.0,7.0,7.0,7.0,7.0,7.0,7.0,7.0,7.0,7.0,7.0,7.0,7.0,7.0,7.0
CA,JOHN MUIR BEHAVIORAL HEALTH CENTER,2740 GRANT STREET,CONCORD,94524.0,12/02/2021 12:00:00 AM,73,Yes,Yes,Yes,Yes,Yes,Yes,Yes,Yes,Yes,Yes,Yes,Yes,Yes,Yes,Yes
CA,LOMPOC VALLEY MEDICAL CENTER,1515 E OCEAN AVENUE,LOMPOC,93436.0,12/02/2021 12:00:00 AM,170,6.0,6.0,6.0,6.0,6.0,6.0,6.0,6.0,6.0,6.0,6.0,6.0,6.0,6.0,6.0
NY,NEW YORK-PRESBYTERIAN BROOKLYN METHODIST HOSPITAL,506 SIXTH STREET,BROOKLYN,11215.0,12/02/2021 12:00:00 AM,591,7.0,7.0,7.0,7.0,7.0,7.0,7.0,7.0,7.0,7.0,7.0,7.0,7.0,7.0,7.0
CA,LUCILE SALTER PACKARD CHILDREN'S HSP AT STANFORD,725 WELCH ROAD,PALO ALTO,94304.0,12/02/2021 12:00:00 AM,396,7.0,7.0,7.0,7.0,7.0,7.0,7.0,7.0,7.0,7.0,7.0,7.0,7.0,7.0,7.0
CA,SOUTHERN CALIFORNIA HOSPITAL AT HOLLYWOOD,6245 DE LONGPRE AVE,HOLLYWOOD,90028.0,12/02/2021 12:00:00 AM,579,7.0,7.0,7.0,7.0,7.0,7.0,7.0,7.0,7.0,7.0,7.0,7.0,7.0,7.0,7.0
CA,DEL AMO HOSPITAL,23700 CAMINO DEL SOL,TORRANCE,90505.0,12/02/2021 12:00:00 AM,166,Yes,Yes,Yes,Yes,Yes,Yes,Yes,Yes,Yes,Yes,Yes,Yes,Yes,Yes,Yes
CA,KAISER FOUNDATION HOSPITAL - ORANGE COUNTY - ANAHE,3440 E LA PALMA AVE,ANAHEIM,92806.0,12/02/2021 12:00:00 AM,261,7.0,7.0,7.0,7.0,7.0,7.0,7.0,7.0,7.0,7.0,7.0,7.0,7.0,7.0,7.0
NY,MEDINA MEMORIAL HOSPITAL,200 OHIO STREET,MEDINA,14103.0,12/02/2021 12:00:00 AM,34,6.0,6.0,6.0,6.0,6.0,6.0,6.0,6.0,6.0,6.0,6.0,6.0,6.0,6.0,6.0
NY,GOOD SAMARITAN HOSPITAL OF SUFFERN,255 LAFAYETTE AVENUE,SUFFERN,10901.0,12/02/2021 12:00:00 AM,269,7.0,7.0,7.0,7.0,7.0,7.0,7.0,7.0,7.0,7.0,7.0,7.0,7.0,7.0,7.0
CA,SAN GORGONIO MEMORIAL HOSPITAL,600 NORTH HIGHLAND SPRINGS AVENUE,BANNING,92220.0,12/02/2021 12:00:00 AM,72,7.0,7.0,7.0,7.0,7.0,7.0,7.0,7.0,7.0,7.0,7.0,7.0,7.0,7.0,7.0
NY,ELMHURST HOSPITAL CENTER,79-01 BROADWAY,ELMHURST,11373.0,12/02/2021 12:00:00 AM,545,7.0,7.0,7.0,7.0,7.0,7.0,7.0,7.0,7.0,7.0,7.0,7.0,7.0,7.0,7.0
CA,GREATER EL MONTE COMMUNITY HOSPITAL,1701 SANTA ANITA AVE,SOUTH EL MONTE,91733.0,12/02/2021 12:00:00 AM,104,6.0,6.0,6.0,6.0,6.0,6.0,6.0,6.0,6.0,6.0,6.0,6.0,6.0,6.0,6.0
NY,ROCKLAND PSYCH CTR,140 OLD ORANGEBURG RD,ORANGEBURG,10962.0,12/02/2021 12:00:00 AM,503,Yes,Yes,Yes,Yes,Yes,Yes,Yes,Yes,Yes,Yes,Yes,Yes,Yes,Yes,Yes
CA,DOMINICAN HOSPITAL,1555 SOQUEL DRIVE,SANTA CRUZ,95065.0,12/02/2021 12:00:00 AM,222,7.0,7.0,7.0,7.0,7.0,7.0,7.0,7.0,7.0,7.0,7.0,7.0,7.0,7.0,7.0
CA,KAISER FOUNDATION HOSPITAL - VACAVILLE,1 QUALITY DRIVE,VACAVILLE,95688.0,12/02/2021 12:00:00 AM,72,7.0,7.0,7.0,7.0,7.0,7.0,7.0,7.0,7.0,7.0,7.0,7.0,7.0,7.0,7.0
NY,GUTHRIE CORTLAND REGIONAL MEDICAL CENTER,134 HOMER AVENUE,CORTLAND,13045.0,12/02/2021 12:00:00 AM,181,7.0,7.0,7.0,7.0,7.0,7.0,7.0,7.0,7.0,7.0,7.0,7.0,7.0,7.0,7.0
CA,DESERT VALLEY HOSPITAL,16850 BEAR VALLEY RD,VICTORVILLE,92395.0,12/02/2021 12:00:00 AM,148,7.0,7.0,7.0,7.0,7.0,7.0,7.0,7.0,7.0,7.0,7.0,7.0,7.0,7.0,7.0
CA,GLENDORA  HOSPITAL,150 WEST ROUTE 66,GLENDORA,91740.0,12/02/2021 12:00:00 AM,44,No,No,No,No,No,No,No,No,No,No,No,No,No,No,No
CA,KERN VALLEY HEALTHCARE DISTRICT,6412 LAUREL AVE,LAKE ISABELLA,93240.0,12/02/2021 12:00:00 AM,25,7.0,7.0,7.0,7.0,7.0,7.0,7.0,7.0,7.0,7.0,7.0,7.0,7.0,7.0,7.0
CA,PARADISE VALLEY HOSPITAL,2400 EAST 4TH ST,NATIONAL CITY,91950.0,12/02/2021 12:00:00 AM,237,7.0,7.0,7.0,7.0,7.0,7.0,7.0,7.0,7.0,7.0,7.0,7.0,7.0,7.0,7.0
CA,STANFORD HEALTH CARE - VALLEYCARE,5555 WEST LAS POSITAS BOULEVARD,PLEASANTON,94588.0,12/02/2021 12:00:00 AM,110,7.0,7.0,7.0,7.0,7.0,7.0,7.0,7.0,7.0,7.0,7.0,7.0,7.0,7.0,7.0
CA,KENTFIELD HOSPITAL,1125 SIR FRANCIS DRAKE BLVD,KENTFIELD,94904.0,12/02/2021 12:00:00 AM,42,7.0,7.0,7.0,7.0,7.0,7.0,7.0,7.0,7.0,7.0,7.0,7.0,7.0,7.0,7.0
NY,"NEW YORK COMMUNITY HOSPITAL OF BROOKLYN, INC.",2525 KINGS HIGHWAY,BROOKLYN,11229.0,12/02/2021 12:00:00 AM,134,7.0,7.0,7.0,7.0,7.0,7.0,7.0,7.0,7.0,7.0,7.0,7.0,7.0,7.0,7.0
CA,KERN MEDICAL CENTER,1700 MOUNT VERNON AVENUE,BAKERSFIELD,93306.0,12/02/2021 12:00:00 AM,222,7.0,7.0,7.0,7.0,7.0,7.0,7.0,7.0,7.0,7.0,7.0,7.0,7.0,7.0,7.0
CA,PALOMAR MEDICAL CENTER POWAY,15615 POMERADO ROAD,POWAY,92064.0,12/02/2021 12:00:00 AM,95,5.0,5.0,5.0,5.0,5.0,5.0,5.0,5.0,5.0,5.0,5.0,5.0,5.0,5.0,5.0
CA,SALINAS VALLEY MEMORIAL HOSPITAL,450 EAST ROMIE LANE,SALINAS,93901.0,12/02/2021 12:00:00 AM,263,7.0,7.0,7.0,7.0,7.0,7.0,7.0,7.0,7.0,7.0,7.0,7.0,7.0,7.0,7.0
NY,ST CATHERINE OF SIENA HOSPITAL,50 ROUTE 25A,SMITHTOWN,11787.0,12/02/2021 12:00:00 AM,318,7.0,7.0,7.0,7.0,7.0,7.0,7.0,7.0,7.0,7.0,7.0,7.0,7.0,7.0,7.0
CA,EASTERN PLUMAS HOSPITAL - PORTOLA CAMPUS,500 FIRST AVENUE,PORTOLA,96122.0,12/02/2021 12:00:00 AM,9,7.0,7.0,7.0,7.0,7.0,7.0,7.0,7.0,7.0,7.0,7.0,7.0,7.0,7.0,7.0
CA,AURORA VISTA DEL MAR HOSPITAL,801 SENECA ST,VENTURA,93001.0,12/02/2021 12:00:00 AM,87,Yes,Yes,Yes,Yes,Yes,Yes,Yes,Yes,Yes,Yes,Yes,Yes,Yes,Yes,Yes
CA,MERCY GENERAL HOSPITAL,4001 J ST,SACRAMENTO,95819.0,12/02/2021 12:00:00 AM,419,7.0,7.0,7.0,7.0,7.0,7.0,7.0,7.0,7.0,7.0,7.0,7.0,7.0,7.0,7.0
NY,SOLDIERS AND SAILORS MEMORIAL HOSPITAL OF YATES,418 NORTH MAIN STREET,PENN YAN,14527.0,12/02/2021 12:00:00 AM,35,7.0,7.0,7.0,7.0,7.0,7.0,7.0,7.0,7.0,7.0,7.0,7.0,7.0,7.0,7.0
CA,PACIFICA HOSPITAL OF THE VALLEY,9449 SAN FERNANDO RD,SUN VALLEY,91352.0,12/02/2021 12:00:00 AM,161,5.0,5.0,5.0,5.0,5.0,5.0,5.0,5.0,5.0,5.0,5.0,5.0,5.0,5.0,5.0
CA,PIH HEALTH HOSPITAL-WHITTIER,12401 WASHINGTON BLVD,WHITTIER,90602.0,12/02/2021 12:00:00 AM,547,7.0,7.0,7.0,7.0,7.0,7.0,7.0,7.0,7.0,7.0,7.0,7.0,7.0,7.0,7.0
NY,COLUMBIA MEMORIAL HOSPITAL,71 PROSPECT AVENUE,HUDSON,12534.0,12/02/2021 12:00:00 AM,124,7.0,7.0,7.0,7.0,7.0,7.0,7.0,7.0,7.0,7.0,7.0,7.0,7.0,7.0,7.0
CA,MODOC MEDICAL CENTER,1111 N NAGLE STREET,ALTURAS,96101.0,12/02/2021 12:00:00 AM,16,7.0,7.0,7.0,7.0,7.0,7.0,7.0,7.0,7.0,7.0,7.0,7.0,7.0,7.0,7.0
CA,ORCHARD HOSPITAL,240 SPRUCE STREET,GRIDLEY,95948.0,12/02/2021 12:00:00 AM,24,7.0,7.0,7.0,7.0,7.0,7.0,7.0,7.0,7.0,7.0,7.0,7.0,7.0,7.0,7.0
CA,KAISER FOUNDATION HOSPITAL - ROSEVILLE,1600 EUREKA ROAD,ROSEVILLE,95661.0,12/02/2021 12:00:00 AM,340,7.0,7.0,7.0,7.0,7.0,7.0,7.0,7.0,7.0,7.0,7.0,7.0,7.0,7.0,7.0
NY,HIGHLAND HOSPITAL,1000 SOUTH AVENUE,ROCHESTER,14620.0,12/02/2021 12:00:00 AM,261,7.0,7.0,7.0,7.0,7.0,7.0,7.0,7.0,7.0,7.0,7.0,7.0,7.0,7.0,7.0
CA,SUTTER ROSEVILLE MEDICAL CENTER,ONE MEDICAL PLAZA,ROSEVILLE,95661.0,12/02/2021 12:00:00 AM,328,7.0,7.0,7.0,7.0,7.0,7.0,7.0,7.0,7.0,7.0,7.0,7.0,7.0,7.0,7.0
CA,MARSHALL MEDICAL CENTER,1100 MARSHALL WAY,PLACERVILLE,95667.0,12/02/2021 12:00:00 AM,93,6.0,6.0,6.0,6.0,6.0,6.0,6.0,6.0,6.0,6.0,6.0,6.0,6.0,6.0,6.0
NY,PHELPS HOSPITAL,701 N BROADWAY,SLEEPY HOLLOW,10591.0,12/02/2021 12:00:00 AM,235,7.0,7.0,7.0,7.0,7.0,7.0,7.0,7.0,7.0,7.0,7.0,7.0,7.0,7.0,7.0
NY,WOODHULL MEDICAL & MENTAL HEALTH CENTER,760 BROADWAY,BROOKLYN,11206.0,12/02/2021 12:00:00 AM,411,7.0,7.0,7.0,7.0,7.0,7.0,7.0,7.0,7.0,7.0,7.0,7.0,7.0,7.0,7.0
NY,NATHAN LITTAUER HOSPITAL,99 EAST STATE ST,GLOVERSVILLE,12078.0,12/02/2021 12:00:00 AM,74,7.0,7.0,7.0,7.0,7.0,7.0,7.0,7.0,7.0,7.0,7.0,7.0,7.0,7.0,7.0
CA,KAISER PERMANENTE PSYCHIATRIC HEALTH FACILITY-SANT,3840 HOMESTEAD ROAD,SANTA CLARA,95051.0,12/02/2021 12:00:00 AM,24,Yes,Yes,Yes,Yes,Yes,Yes,Yes,Yes,Yes,Yes,Yes,Yes,Yes,Yes,Yes
NY,BLYTHEDALE CHILDREN'S HOSPITAL,95 BRADHURST AVENUE,VALHALLA,10595.0,12/02/2021 12:00:00 AM,100,7.0,7.0,7.0,7.0,7.0,7.0,7.0,7.0,7.0,7.0,7.0,7.0,7.0,7.0,7.0
NY,MARGARETVILLE MEMORIAL HOSPITAL,42084 STATE HIGHWAY 28,MARGARETVILLE,12455.0,12/02/2021 12:00:00 AM,15,7.0,7.0,7.0,7.0,7.0,7.0,7.0,7.0,7.0,7.0,7.0,7.0,7.0,7.0,7.0
NY,"DELAWARE VALLEY HOSPITAL, INC",1 TITUS PLACE,WALTON,13856.0,12/02/2021 12:00:00 AM,25,7.0,7.0,7.0,7.0,7.0,7.0,7.0,7.0,7.0,7.0,7.0,7.0,7.0,7.0,7.0
CA,JOHN C FREMONT HEALTHCARE DISTRICT,5189 HOSPITAL ROAD,MARIPOSA,95338.0,12/02/2021 12:00:00 AM,34,7.0,7.0,7.0,7.0,7.0,7.0,7.0,7.0,7.0,7.0,7.0,7.0,7.0,7.0,7.0
CA,GLENN MEDICAL CENTER,1133 W SYCAMORE ST,WILLOWS,95988.0,12/02/2021 12:00:00 AM,47,7.0,7.0,7.0,7.0,7.0,7.0,7.0,7.0,7.0,7.0,7.0,7.0,7.0,7.0,7.0
CA,CALIFORNIA PACIFIC MEDICAL CTR-DAVIES CAMPUS HOSP,601 DUBOCE AVENUE,SAN FRANCISCO,94117.0,12/02/2021 12:00:00 AM,125,7.0,7.0,7.0,7.0,7.0,7.0,7.0,7.0,7.0,7.0,7.0,7.0,7.0,7.0,7.0
CA,JEWISH HOME & REHAB CENTER,302  SILVER AVENUE,SAN FRANCISCO,94112.0,12/02/2021 12:00:00 AM,13,Yes,Yes,Yes,Yes,Yes,Yes,Yes,Yes,Yes,Yes,Yes,Yes,Yes,Yes,Yes
CA,KEDREN COMMUNITY MENTAL HEALTH CENTER,4211 SOUTH AVALON BLVD,LOS ANGELES,90011.0,12/02/2021 12:00:00 AM,72,No,No,No,No,No,No,No,No,No,No,No,No,No,No,No
CA,CHAPMAN GLOBAL MEDICAL CENTER,2601 E CHAPMAN AVE,ORANGE,92869.0,12/02/2021 12:00:00 AM,84,5.0,5.0,5.0,5.0,5.0,5.0,5.0,5.0,5.0,5.0,5.0,5.0,5.0,5.0,5.0
CA,AHMC SETON MEDICAL CENTER,1900 SULLIVAN AVENUE,DALY CITY,94015.0,12/02/2021 12:00:00 AM,275,7.0,7.0,7.0,7.0,7.0,7.0,7.0,7.0,7.0,7.0,7.0,7.0,7.0,7.0,7.0
NY,OSWEGO HOSPITAL,110 WEST SIXTH STREET,OSWEGO,13126.0,12/02/2021 12:00:00 AM,132,7.0,7.0,7.0,7.0,7.0,7.0,7.0,7.0,7.0,7.0,7.0,7.0,7.0,7.0,7.0
NY,WESTCHESTER MEDICAL CENTER,100 WOODS RD,VALHALLA,10595.0,12/02/2021 12:00:00 AM,895,7.0,7.0,7.0,7.0,7.0,7.0,7.0,7.0,7.0,7.0,7.0,7.0,7.0,7.0,7.0
CA,POMONA VALLEY HOSPITAL MEDICAL CENTER,1798 N GAREY AVE,POMONA,91767.0,12/02/2021 12:00:00 AM,435,7.0,7.0,7.0,7.0,7.0,7.0,7.0,7.0,7.0,7.0,7.0,7.0,7.0,7.0,7.0
CA,GOOD SAMARITAN HOSPITAL,2425 SAMARITAN DRIVE,SAN JOSE,95124.0,12/02/2021 12:00:00 AM,404,7.0,7.0,7.0,7.0,7.0,7.0,7.0,7.0,7.0,7.0,7.0,7.0,7.0,7.0,7.0
CA,WASHINGTON HOSPITAL,2000 MOWRY AVE,FREMONT,94538.0,12/02/2021 12:00:00 AM,265,7.0,7.0,7.0,7.0,7.0,7.0,7.0,7.0,7.0,7.0,7.0,7.0,7.0,7.0,7.0
CA,DOCS SURGICAL HOSPITAL,6000 SAN VICENTE BLVD,LOS ANGELES,90036.0,12/02/2021 12:00:00 AM,17,7.0,7.0,7.0,7.0,7.0,7.0,7.0,7.0,7.0,7.0,7.0,7.0,7.0,7.0,7.0
NY,CREEDMOOR PSYCHIATRIC CENTER,80-45 WINCHESTER BLVD BLDG B,QUEENS VILLAGE,11427.0,12/02/2021 12:00:00 AM,476,Yes,Yes,Yes,Yes,Yes,Yes,Yes,Yes,Yes,Yes,Yes,Yes,Yes,Yes,Yes
CA,ANTELOPE VALLEY HOSPITAL,1600 W AVE J,LANCASTER,93534.0,12/02/2021 12:00:00 AM,341,7.0,7.0,7.0,7.0,7.0,7.0,7.0,7.0,7.0,7.0,7.0,7.0,7.0,7.0,7.0
CA,JOYCE EISENBERG KEEFER MEDICAL CENTER,7150 TAMPA AVENUE,RESEDA,91335.0,12/02/2021 12:00:00 AM,10,Yes,Yes,Yes,Yes,Yes,Yes,Yes,Yes,Yes,Yes,Yes,Yes,Yes,Yes,Yes
CA,VIBRA HOSPITAL OF SACRAMENTO,330 MONTROSE DRIVE,FOLSOM,95630.0,12/02/2021 12:00:00 AM,58,7.0,7.0,7.0,7.0,7.0,7.0,7.0,7.0,7.0,7.0,7.0,7.0,7.0,7.0,7.0
NY,ST ANTHONY COMMUNITY HOSPITAL,15 MAPLE AVENUE -19,WARWICK,10990.0,12/02/2021 12:00:00 AM,60,7.0,7.0,7.0,7.0,7.0,7.0,7.0,7.0,7.0,7.0,7.0,7.0,7.0,7.0,7.0
CA,LAKEWOOD REGIONAL MEDICAL CENTER,3700 E SOUTH ST,LAKEWOOD,90712.0,12/02/2021 12:00:00 AM,170,7.0,7.0,7.0,7.0,7.0,7.0,7.0,7.0,7.0,7.0,7.0,7.0,7.0,7.0,7.0
CA,PALOMAR REHABILITATION INSTITUTE,2181 WEST CITRACADO PARKWAY,ESCONDIDO,92029.0,12/02/2021 12:00:00 AM,52,Yes,Yes,Yes,Yes,Yes,Yes,Yes,Yes,Yes,Yes,Yes,Yes,Yes,Yes,Yes
NY,KALEIDA HEALTH,100 HIGH STREET,BUFFALO,14210.0,12/02/2021 12:00:00 AM,986,7.0,7.0,7.0,7.0,7.0,7.0,7.0,7.0,7.0,7.0,7.0,7.0,7.0,7.0,7.0
CA,MEMORIAL HOSPITAL OF GARDENA,1145 W REDONDO BEACH BLVD,GARDENA,90247.0,12/02/2021 12:00:00 AM,111,7.0,7.0,7.0,7.0,7.0,7.0,7.0,7.0,7.0,7.0,7.0,7.0,7.0,7.0,7.0
CA,SAN ANTONIO REGIONAL HOSPITAL,999 SAN BERNARDINO ROAD,UPLAND,91786.0,12/02/2021 12:00:00 AM,281,7.0,7.0,7.0,7.0,7.0,7.0,7.0,7.0,7.0,7.0,7.0,7.0,7.0,7.0,7.0
NY,ELMIRA PSYCH CENTER,WASHINGTON ST,ELMIRA,14901.0,12/02/2021 12:00:00 AM,95,Yes,Yes,Yes,Yes,Yes,Yes,Yes,Yes,Yes,Yes,Yes,Yes,Yes,Yes,Yes
CA,DAMERON HOSPITAL,525 WEST ACACIA STREET,STOCKTON,95203.0,12/02/2021 12:00:00 AM,194,7.0,7.0,7.0,7.0,7.0,7.0,7.0,7.0,7.0,7.0,7.0,7.0,7.0,7.0,7.0
NY,ROCHESTER GENERAL HOSPITAL,1425 PORTLAND AVENUE,ROCHESTER,14621.0,12/02/2021 12:00:00 AM,528,6.0,6.0,6.0,6.0,6.0,6.0,6.0,6.0,6.0,6.0,6.0,6.0,6.0,6.0,6.0
CA,GARFIELD MEDICAL CENTER,525 N GARFIELD AVE,MONTEREY PARK,91754.0,12/02/2021 12:00:00 AM,210,7.0,7.0,7.0,7.0,7.0,7.0,7.0,7.0,7.0,7.0,7.0,7.0,7.0,7.0,7.0
NY,GRACIE SQUARE HOSP,420 EAST 76 ST,NEW YORK,10021.0,12/02/2021 12:00:00 AM,157,Yes,Yes,Yes,Yes,Yes,Yes,Yes,Yes,Yes,Yes,Yes,Yes,Yes,Yes,Yes
CA,RIDGECREST REGIONAL HOSPITAL,1081 NORTH CHINA LAKE BLVD,RIDGECREST,93555.0,12/02/2021 12:00:00 AM,25,7.0,7.0,7.0,7.0,7.0,7.0,7.0,7.0,7.0,7.0,7.0,7.0,7.0,7.0,7.0
CA,REDLANDS COMMUNITY HOSPITAL,350 TERRACINA BLVD,REDLANDS,92373.0,12/02/2021 12:00:00 AM,229,7.0,7.0,7.0,7.0,7.0,7.0,7.0,7.0,7.0,7.0,7.0,7.0,7.0,7.0,7.0
NY,GARNET HEALTH  MEDICAL CENTER CATSKILLS - (CSK),"68 HARRIS BUSHVILLE ROAD, P O BOX 800",HARRIS,12742.0,12/02/2021 12:00:00 AM,164,7.0,7.0,7.0,7.0,7.0,7.0,7.0,7.0,7.0,7.0,7.0,7.0,7.0,7.0,7.0
NY,AURELIA OSBORN FOX MEMORIAL HOSPITAL,ONE NORTON AVENUE,ONEONTA,13820.0,12/02/2021 12:00:00 AM,60,4.0,4.0,4.0,4.0,4.0,4.0,4.0,4.0,4.0,4.0,4.0,4.0,4.0,4.0,4.0
NY,HOSPITAL FOR SPECIAL SURGERY,535 EAST 70TH STREET,NEW YORK,10021.0,12/02/2021 12:00:00 AM,205,7.0,7.0,7.0,7.0,7.0,7.0,7.0,7.0,7.0,7.0,7.0,7.0,7.0,7.0,7.0
CA,HERITAGE OAKS HOSPITAL,4250 AUBURN BLVD,SACRAMENTO,95841.0,12/02/2021 12:00:00 AM,125,No,No,No,No,No,No,No,No,No,No,No,No,No,No,No
CA,ST MARY MEDICAL CENTER,18300 HIGHWAY 18,APPLE VALLEY,92307.0,12/02/2021 12:00:00 AM,212,7.0,7.0,7.0,7.0,7.0,7.0,7.0,7.0,7.0,7.0,7.0,7.0,7.0,7.0,7.0
NY,ELLENVILLE REGIONAL HOSPITAL,10 HEALTHY WAY,ELLENVILLE,12428.0,12/02/2021 12:00:00 AM,25,7.0,7.0,7.0,7.0,7.0,7.0,7.0,7.0,7.0,7.0,7.0,7.0,7.0,7.0,7.0
CA,EMANUEL MEDICAL CENTER,825 DELBON AVE,TURLOCK,95382.0,12/02/2021 12:00:00 AM,354,7.0,7.0,7.0,7.0,7.0,7.0,7.0,7.0,7.0,7.0,7.0,7.0,7.0,7.0,7.0
CA,KAISER FOUNDATION HOSPITAL - PANORAMA CITY,13652 CANTARA ST,PANORAMA CITY,91402.0,12/02/2021 12:00:00 AM,325,7.0,7.0,7.0,7.0,7.0,7.0,7.0,7.0,7.0,7.0,7.0,7.0,7.0,7.0,7.0
CA,CHINESE HOSPITAL,845 JACKSON ST,SAN FRANCISCO,94133.0,12/02/2021 12:00:00 AM,54,7.0,7.0,7.0,7.0,7.0,7.0,7.0,7.0,7.0,7.0,7.0,7.0,7.0,7.0,7.0
CA,"MARTIN LUTHER KING, JR. COMMUNITY HOSPITAL",1680 EAST 120TH STREET,LOS ANGELES,90059.0,12/02/2021 12:00:00 AM,131,7.0,7.0,7.0,7.0,7.0,7.0,7.0,7.0,7.0,7.0,7.0,0.0,7.0,7.0,7.0
CA,OAK VALLEY HOSPITAL DISTRICT,350 S OAK AVE,OAKDALE,95361.0,12/02/2021 12:00:00 AM,39,7.0,7.0,7.0,7.0,7.0,7.0,7.0,7.0,7.0,7.0,7.0,7.0,7.0,7.0,7.0
CA,ST JOHNS PLEASANT VALLEY HOSPITAL,2309 ANTONIO AVE,CAMARILLO,93010.0,12/02/2021 12:00:00 AM,180,7.0,7.0,7.0,7.0,7.0,7.0,7.0,7.0,7.0,7.0,7.0,7.0,7.0,7.0,7.0
NY,GLENS FALLS HOSPITAL,100 PARK STREET,GLENS FALLS,12801.0,12/02/2021 12:00:00 AM,442,7.0,7.0,7.0,7.0,7.0,7.0,7.0,7.0,7.0,7.0,7.0,7.0,7.0,7.0,7.0
CA,ADVENTIST HEALTH VALLEJO,525 OREGON ST,VALLEJO,94590.0,12/02/2021 12:00:00 AM,61,Yes,Yes,Yes,Yes,Yes,Yes,Yes,Yes,Yes,Yes,Yes,Yes,Yes,Yes,Yes
CA,UNIVERSITY OF CALIFORNIA IRVINE MEDICAL CENTER,101 CITY DRIVE SOUTH,ORANGE,92868.0,12/02/2021 12:00:00 AM,415,7.0,7.0,7.0,7.0,7.0,7.0,7.0,7.0,7.0,7.0,7.0,7.0,7.0,7.0,7.0
NY,FAXTON-ST LUKE'S HEALTHCARE,1656 CHAMPLIN AVENUE,NEW HARTFD,13413.0,12/02/2021 12:00:00 AM,372,7.0,7.0,7.0,7.0,7.0,7.0,7.0,7.0,7.0,7.0,7.0,7.0,7.0,7.0,7.0
CA,KINDRED HOSPITAL -- LA MIRADA,14900 E IMPERIAL HWY,LA MIRADA,90638.0,12/02/2021 12:00:00 AM,277,7.0,7.0,7.0,7.0,7.0,7.0,7.0,7.0,7.0,7.0,7.0,7.0,7.0,7.0,7.0
CA,BAKERSFIELD MEMORIAL HOSPITAL,420 34TH ST,BAKERSFIELD,93301.0,12/02/2021 12:00:00 AM,366,7.0,7.0,7.0,7.0,7.0,7.0,7.0,7.0,7.0,7.0,7.0,7.0,7.0,7.0,7.0
NY,SAMARITAN MEDICAL CENTER,830 WASHINGTON STREET,WATERTOWN,13601.0,12/02/2021 12:00:00 AM,287,7.0,7.0,7.0,7.0,7.0,7.0,7.0,7.0,7.0,7.0,7.0,7.0,7.0,7.0,7.0
CA,TAHOE FOREST HOSPITAL,10121 PINE AVE,TRUCKEE,96161.0,12/02/2021 12:00:00 AM,25,7.0,7.0,7.0,7.0,7.0,7.0,7.0,7.0,7.0,7.0,7.0,7.0,7.0,7.0,7.0
NY,N Y EYE AND EAR INFIRMARY,230 SECOND AVE,NEW YORK,10003.0,12/02/2021 12:00:00 AM,69,7.0,7.0,7.0,7.0,7.0,7.0,7.0,7.0,7.0,7.0,7.0,7.0,7.0,7.0,7.0
NY,UNITY HOSPITAL OF ROCHESTER,1555 LONG POND ROAD,ROCHESTER,14626.0,12/02/2021 12:00:00 AM,311,6.0,6.0,6.0,6.0,6.0,6.0,6.0,6.0,6.0,6.0,6.0,6.0,6.0,6.0,6.0
NY,WINIFRED MASTERSON BURKE REHABILITATION HOSPITAL,785 MAMARONECK AVENUE,WHITE PLAINS,10605.0,12/02/2021 12:00:00 AM,150,Yes,Yes,Yes,Yes,Yes,Yes,Yes,Yes,Yes,Yes,Yes,Yes,Yes,Yes,Yes
CA,KAISER FOUNDATION HOSPITAL - FREMONT,39400 PASEO PADRE PKWY,FREMONT,94538.0,12/02/2021 12:00:00 AM,193,7.0,7.0,7.0,7.0,7.0,7.0,7.0,7.0,7.0,7.0,7.0,7.0,7.0,7.0,7.0
CA,NEWPORT BAY HOSPITAL,1501 E 16TH ST,NEWPORT BEACH,92663.0,12/02/2021 12:00:00 AM,34,Yes,Yes,Yes,Yes,Yes,Yes,Yes,Yes,Yes,Yes,Yes,Yes,Yes,Yes,Yes
CA,HOAG MEMORIAL HOSPITAL PRESBYTERIAN,ONE HOAG DRIVE,NEWPORT BEACH,92663.0,12/02/2021 12:00:00 AM,409,7.0,7.0,7.0,7.0,7.0,7.0,7.0,7.0,7.0,7.0,7.0,7.0,7.0,7.0,7.0
NY,MANHATTAN PSYCHIATRIC CENTER,WARD'S ISLAND,NEW YORK,10035.0,12/02/2021 12:00:00 AM,509,Yes,Yes,Yes,Yes,Yes,Yes,Yes,Yes,Yes,Yes,Yes,Yes,Yes,Yes,Yes
CA,MADERA COMMUNITY HOSPITAL,1250 E ALMOND AVE,MADERA,93637.0,12/02/2021 12:00:00 AM,106,7.0,7.0,7.0,7.0,7.0,7.0,7.0,7.0,7.0,7.0,7.0,7.0,7.0,7.0,7.0
CA,RADY CHILDREN'S HOSPITAL - SAN DIEGO,3020 CHILDRENS WAY,SAN DIEGO,92123.0,12/02/2021 12:00:00 AM,475,7.0,7.0,7.0,7.0,7.0,7.0,7.0,7.0,7.0,7.0,7.0,7.0,7.0,7.0,7.0
CA,SAN MATEO MEDICAL CENTER,222 W 39TH AVE,SAN MATEO,94403.0,12/02/2021 12:00:00 AM,103,7.0,7.0,7.0,7.0,7.0,7.0,7.0,7.0,7.0,7.0,7.0,7.0,7.0,7.0,7.0
NY,NASSAU UNIVERSITY MEDICAL CENTER,2201 HEMPSTEAD TURNPIKE,EAST MEADOW,11554.0,12/02/2021 12:00:00 AM,530,7.0,7.0,7.0,7.0,7.0,7.0,7.0,7.0,7.0,7.0,7.0,7.0,7.0,7.0,7.0
CA,CITY OF HOPE HELFORD CLINICAL RESEARCH HOSPITAL,1500 E DUARTE ROAD,DUARTE,91010.0,12/02/2021 12:00:00 AM,212,7.0,7.0,7.0,7.0,7.0,7.0,7.0,7.0,7.0,7.0,7.0,7.0,7.0,7.0,7.0
CA,KAISER FOUNDATION HOSPITAL - ANTIOCH,4501 SAND CREEK ROAD,ANTIOCH,94531.0,12/02/2021 12:00:00 AM,150,7.0,7.0,7.0,7.0,7.0,7.0,7.0,7.0,7.0,7.0,7.0,7.0,7.0,7.0,7.0
CA,BAKERSFIELD HEART HOSPITAL,3001 SILLECT AVENUE,BAKERSFIELD,93308.0,12/02/2021 12:00:00 AM,47,7.0,7.0,7.0,7.0,7.0,7.0,7.0,7.0,7.0,7.0,7.0,7.0,7.0,7.0,7.0
CA,"CALIFORNIA REHABILITATION INSTITUTE, LLC",2070 CENTURY PARK EAST,LOS ANGELES,90067.0,12/02/2021 12:00:00 AM,138,Yes,Yes,Yes,Yes,Yes,Yes,Yes,Yes,Yes,Yes,Yes,Yes,Yes,Yes,Yes
CA,BARLOW RESPIRATORY HOSPITAL,2000 STADIUM WAY,LOS ANGELES,90026.0,12/02/2021 12:00:00 AM,99,7.0,7.0,7.0,7.0,7.0,7.0,7.0,7.0,7.0,7.0,7.0,7.0,7.0,7.0,7.0
CA,KAISER FOUNDATION HOSPITAL AND REHAB CENTER,975 SERENO DR,VALLEJO,94589.0,12/02/2021 12:00:00 AM,248,7.0,7.0,7.0,7.0,7.0,7.0,7.0,7.0,7.0,7.0,7.0,7.0,7.0,7.0,7.0
CA,COLORADO RIVER MEDICAL CENTER,1401 BAILEY AVE,NEEDLES,92363.0,12/02/2021 12:00:00 AM,25,7.0,7.0,7.0,7.0,7.0,7.0,7.0,7.0,7.0,7.0,7.0,7.0,7.0,7.0,7.0
CA,KINDRED HOSPITAL PARAMOUNT,16453  COLORADO AVENUE,PARAMOUNT,90723.0,12/02/2021 12:00:00 AM,177,7.0,7.0,7.0,7.0,7.0,7.0,7.0,7.0,7.0,7.0,7.0,7.0,7.0,7.0,7.0
NY,NORTH SHORE UNIVERSITY HOSPITAL,300 COMMUNITY DRIVE,MANHASSET,11030.0,12/02/2021 12:00:00 AM,812,7.0,7.0,7.0,7.0,7.0,7.0,7.0,7.0,7.0,7.0,7.0,7.0,7.0,7.0,7.0
CA,MEMORIAL HOSPITAL LOS BANOS,520 WEST I ST,LOS BANOS,93635.0,12/02/2021 12:00:00 AM,48,7.0,7.0,7.0,7.0,7.0,7.0,7.0,7.0,7.0,7.0,7.0,7.0,7.0,7.0,7.0
NY,GLEN COVE HOSPITAL,101 ST ANDREWS LANE,GLEN COVE,11542.0,12/02/2021 12:00:00 AM,247,7.0,7.0,7.0,7.0,7.0,7.0,7.0,7.0,7.0,7.0,7.0,7.0,7.0,7.0,7.0
CA,MEMORIALCARE ORANGE COAST MEDICAL CENTER,9920 TALBERT AVENUE,FOUNTAIN VALLEY,92708.0,12/02/2021 12:00:00 AM,210,7.0,7.0,7.0,7.0,7.0,7.0,7.0,7.0,7.0,7.0,7.0,7.0,7.0,7.0,7.0
CA,MONROVIA MEMORIAL HOSPITAL,323 SOUTH HELIOTROPE AVENUE,MONROVIA,91016.0,12/02/2021 12:00:00 AM,49,7.0,7.0,7.0,7.0,7.0,7.0,7.0,7.0,7.0,7.0,7.0,7.0,7.0,7.0,7.0
CA,COMMUNITY HOSPITAL OF SAN BERNARDINO,1805 MEDICAL CENTER DRIVE,SAN BERNARDINO,92411.0,12/02/2021 12:00:00 AM,347,7.0,7.0,7.0,7.0,7.0,7.0,7.0,7.0,7.0,7.0,7.0,7.0,7.0,7.0,7.0
NY,F F THOMPSON HOSPITAL,350 PARRISH STREET,CANANDAIGUA,14424.0,12/02/2021 12:00:00 AM,113,7.0,7.0,7.0,7.0,7.0,7.0,7.0,7.0,7.0,7.0,7.0,7.0,7.0,7.0,7.0
CA,UCSF MEDICAL CENTER,"505 PARNASSUS AVE, BOX 0296",SAN FRANCISCO,94143.0,12/02/2021 12:00:00 AM,1019,7.0,7.0,7.0,7.0,7.0,7.0,7.0,7.0,7.0,7.0,7.0,7.0,7.0,7.0,7.0
CA,MENIFEE GLOBAL MEDICAL CENTER,28400 MCCALL BOULEVARD,SUN CITY,92585.0,12/02/2021 12:00:00 AM,84,7.0,7.0,7.0,7.0,7.0,7.0,7.0,7.0,7.0,7.0,7.0,7.0,7.0,7.0,7.0
CA,DESERT REGIONAL MEDICAL CENTER,1150 NORTH INDIAN CANYON DRIVE,PALM SPRINGS,92262.0,12/02/2021 12:00:00 AM,385,7.0,7.0,7.0,7.0,7.0,7.0,7.0,7.0,7.0,7.0,7.0,7.0,7.0,7.0,7.0
CA,ALVARADO PARKWAY INSTITUTE BEHAVIORAL HEALTH SYSTE,7050 PARKWAY DRIVE,LA MESA,91942.0,12/02/2021 12:00:00 AM,66,No,No,No,No,No,No,No,No,No,No,No,No,No,No,No
CA,MEMORIAL CARE MILLER CHILDREN'S &  WOMEN'S HOSP LB,2801 ATLANTIC AVENUE,LONG BEACH,90806.0,12/02/2021 12:00:00 AM,354,7.0,7.0,7.0,7.0,7.0,7.0,7.0,7.0,7.0,7.0,7.0,7.0,7.0,7.0,7.0
CA,PALO VERDE HOSPITAL,250 NORTH FIRST STREET,BLYTHE,92225.0,12/02/2021 12:00:00 AM,51,7.0,7.0,7.0,7.0,7.0,7.0,7.0,7.0,7.0,7.0,7.0,7.0,7.0,7.0,7.0
NY,JONES MEMORIAL HOSPITAL,191 NORTH MAIN STREET,WELLSVILLE,14895.0,12/02/2021 12:00:00 AM,49,7.0,7.0,7.0,7.0,7.0,7.0,7.0,7.0,7.0,7.0,7.0,7.0,7.0,7.0,7.0
CA,HAZEL HAWKINS MEMORIAL HOSPITAL,911 SUNSET DRIVE,HOLLISTER,95023.0,12/02/2021 12:00:00 AM,25,7.0,7.0,7.0,7.0,7.0,7.0,7.0,7.0,7.0,7.0,7.0,7.0,7.0,7.0,7.0
CA,PROVIDENCE SAINT JOSEPH MEDICAL CTR,501 SOUTH BUENA VISTA STREET,BURBANK,91505.0,12/02/2021 12:00:00 AM,360,7.0,7.0,7.0,7.0,7.0,7.0,7.0,7.0,7.0,7.0,7.0,7.0,7.0,7.0,7.0
NY,BRUNSWICK PSYCH CENTER,366 BROADWAY,AMITYVILLE,11701.0,12/02/2021 12:00:00 AM,124,Yes,Yes,Yes,Yes,Yes,Yes,Yes,Yes,Yes,Yes,Yes,Yes,Yes,Yes,Yes
CA,LAC/OLIVE VIEW-UCLA MEDICAL CENTER,14445 OLIVE VIEW DRIVE,SYLMAR,91342.0,12/02/2021 12:00:00 AM,324,7.0,7.0,7.0,7.0,7.0,7.0,7.0,7.0,7.0,7.0,7.0,7.0,7.0,7.0,7.0
NY,CORNING HOSPITAL,1 GUTHRIE DRIVE,CORNING,14830.0,12/02/2021 12:00:00 AM,81,7.0,7.0,7.0,7.0,7.0,7.0,7.0,7.0,7.0,7.0,7.0,7.0,7.0,7.0,7.0
CA,TEMECULA VALLEY HOSPITAL,31700 TEMECULA PKWY,TEMECULA,92592.0,12/02/2021 12:00:00 AM,140,7.0,7.0,7.0,7.0,7.0,7.0,7.0,7.0,7.0,7.0,7.0,7.0,7.0,7.0,7.0
CA,UC SAN DIEGO HEALTH HILLCREST - HILLCREST MED CTR,200 WEST ARBOR DRIVE,SAN DIEGO,92103.0,12/02/2021 12:00:00 AM,600,7.0,7.0,7.0,7.0,7.0,7.0,7.0,7.0,7.0,7.0,7.0,7.0,7.0,7.0,7.0
NY,NORTHERN DUTCHESS HOSPITAL,6511 SPRINGBROOK AVENUE,RHINEBECK,12572.0,12/02/2021 12:00:00 AM,68,7.0,7.0,7.0,7.0,7.0,7.0,7.0,7.0,7.0,7.0,7.0,7.0,7.0,7.0,7.0
NY,IRA DAVENPORT MEMORIAL HOSPITAL,7571 STATE ROUTE 54,BATH,14810.0,12/02/2021 12:00:00 AM,66,7.0,7.0,7.0,7.0,7.0,7.0,7.0,7.0,7.0,7.0,7.0,7.0,7.0,7.0,7.0
CA,MEMORIALCARE SADDLEBACK MEDICAL CENTER,24451 HEALTH CENTER DRIVE,LAGUNA HILLS,92653.0,12/02/2021 12:00:00 AM,325,7.0,7.0,7.0,7.0,7.0,7.0,7.0,7.0,7.0,7.0,7.0,7.0,7.0,7.0,7.0
CA,BHC ALHAMBRA HOSP,4619 N ROSEMEAD BLVD,ROSEMEAD,91770.0,12/02/2021 12:00:00 AM,97,Yes,Yes,Yes,Yes,Yes,Yes,Yes,Yes,Yes,Yes,Yes,Yes,Yes,Yes,Yes
CA,PROVIDENCE LITTLE COMPANY OF MARY MED CTR TORRANCE,4101 TORRANCE BLVD,TORRANCE,90503.0,12/02/2021 12:00:00 AM,242,7.0,7.0,7.0,7.0,7.0,7.0,7.0,7.0,7.0,7.0,7.0,7.0,7.0,7.0,7.0
CA,ADVENTIST HEALTH SONORA,1000 GREENLEY ROAD,SONORA,95370.0,12/02/2021 12:00:00 AM,75,7.0,7.0,7.0,7.0,7.0,7.0,7.0,7.0,7.0,7.0,7.0,7.0,7.0,7.0,7.0
CA,SUTTER AUBURN FAITH HOSPITAL,11815 EDUCATION STREET,AUBURN,95603.0,12/02/2021 12:00:00 AM,97,7.0,7.0,7.0,7.0,7.0,7.0,7.0,7.0,7.0,7.0,7.0,7.0,7.0,7.0,7.0
CA,LOS ALAMITOS MEDICAL CENTER,3751 KATELLA AVENUE,LOS ALAMITOS,90720.0,12/02/2021 12:00:00 AM,146,7.0,7.0,7.0,7.0,7.0,7.0,7.0,7.0,7.0,7.0,7.0,7.0,7.0,7.0,7.0
NY,KINGSBORO PSYCHIATRIC HOSPITAL,681 CLARKSON AVENUE,BROOKLYN,11203.0,12/02/2021 12:00:00 AM,173,Yes,Yes,Yes,Yes,Yes,Yes,Yes,Yes,Yes,Yes,Yes,Yes,Yes,Yes,Yes
NY,"ST FRANCIS HOSPITAL, ROSLYN",100 PORT WASHINGTON BOULEVARD,ROSLYN,11576.0,12/02/2021 12:00:00 AM,364,7.0,7.0,7.0,7.0,7.0,7.0,7.0,7.0,7.0,7.0,7.0,7.0,7.0,7.0,7.0
CA,HIGHLAND HOSPITAL,1411 EAST 31ST STREET,OAKLAND,94602.0,12/02/2021 12:00:00 AM,613,7.0,7.0,7.0,7.0,7.0,7.0,7.0,7.0,7.0,7.0,7.0,7.0,7.0,7.0,7.0
CA,ADVENTIST HEALTH CLEARLAKE,15630 18TH AVE - HWY 53,CLEARLAKE,95422.0,12/02/2021 12:00:00 AM,32,7.0,7.0,7.0,7.0,7.0,7.0,7.0,7.0,7.0,7.0,7.0,7.0,7.0,7.0,7.0
CA,KAISER FOUNDATION HOSPITAL - FRESNO,7300 NORTH FRESNO ST,FRESNO,93720.0,12/02/2021 12:00:00 AM,169,7.0,7.0,7.0,7.0,7.0,7.0,7.0,7.0,7.0,7.0,7.0,7.0,7.0,7.0,7.0
NY,CROUSE HOSPITAL,736 IRVING AVENUE,SYRACUSE,13210.0,12/02/2021 12:00:00 AM,466,7.0,7.0,7.0,7.0,7.0,7.0,7.0,7.0,7.0,7.0,7.0,7.0,7.0,7.0,7.0
CA,KAISER FOUNDATION HOSPITAL MANTECA,1777 WEST YOSEMITE AVE,MANTECA,95337.0,12/02/2021 12:00:00 AM,224,7.0,7.0,7.0,7.0,7.0,7.0,7.0,7.0,7.0,7.0,7.0,7.0,7.0,7.0,7.0
NY,NEW YORK-PRESBYTERIAN HOSPITAL,525 EAST 68TH STREET,NEW YORK,10065.0,12/02/2021 12:00:00 AM,2262,7.0,7.0,7.0,7.0,7.0,7.0,7.0,7.0,7.0,7.0,7.0,7.0,7.0,7.0,7.0
CA,PROVIDENCE ST. JUDE MEDICAL CENTER,101 E VALENCIA MESA DRIVE,FULLERTON,92835.0,12/02/2021 12:00:00 AM,301,7.0,7.0,7.0,7.0,7.0,7.0,7.0,7.0,7.0,7.0,7.0,7.0,7.0,7.0,7.0
NY,GENEVA GENERAL HOSPITAL,196 -198 NORTH STREET,GENEVA,14456.0,12/02/2021 12:00:00 AM,132,7.0,7.0,7.0,7.0,7.0,7.0,7.0,7.0,7.0,7.0,7.0,7.0,7.0,7.0,7.0
CA,COLLEGE HOSPITAL COSTA MESA,301 VICTORIA STREET,COSTA MESA,92627.0,12/02/2021 12:00:00 AM,122,7.0,7.0,7.0,7.0,7.0,7.0,7.0,7.0,7.0,7.0,7.0,7.0,7.0,7.0,7.0
CA,KINDRED HOSPITAL BREA,875 N BREA BLVD,BREA,92821.0,12/02/2021 12:00:00 AM,48,7.0,7.0,7.0,7.0,7.0,7.0,7.0,7.0,7.0,7.0,7.0,7.0,7.0,7.0,7.0
CA,LOS ANGELES COMMUNITY HOSPITAL,4081 E OLYMPIC BLVD,LOS ANGELES,90023.0,12/02/2021 12:00:00 AM,150,7.0,7.0,7.0,7.0,7.0,7.0,7.0,7.0,7.0,7.0,7.0,7.0,7.0,7.0,7.0
CA,"SUTTER MEDICAL CENTER, SACRAMENTO",2825 CAPITOL AVENUE,SACRAMENTO,95816.0,12/02/2021 12:00:00 AM,523,7.0,7.0,7.0,7.0,7.0,7.0,7.0,7.0,7.0,7.0,7.0,7.0,7.0,7.0,7.0
NY,"CARTHAGE AREA HOSPITAL, INC",1001 WEST STREET,CARTHAGE,13619.0,12/02/2021 12:00:00 AM,25,7.0,7.0,7.0,7.0,7.0,7.0,7.0,7.0,7.0,7.0,7.0,7.0,7.0,7.0,7.0
CA,TRI-CITY MEDICAL CENTER,4002 VISTA WAY,OCEANSIDE,92056.0,12/02/2021 12:00:00 AM,397,7.0,7.0,7.0,7.0,7.0,7.0,7.0,7.0,7.0,7.0,7.0,7.0,7.0,7.0,7.0
CA,PROVIDENCE CEDARS SINAI TARZANA MEDICAL CENTER,18321 CLARK STREET,TARZANA,91356.0,12/02/2021 12:00:00 AM,245,7.0,7.0,7.0,7.0,7.0,7.0,7.0,7.0,7.0,7.0,7.0,7.0,7.0,7.0,7.0
CA,WEST ANAHEIM MEDICAL CENTER,3033 W ORANGE AVENUE,ANAHEIM,92804.0,12/02/2021 12:00:00 AM,219,7.0,7.0,7.0,7.0,7.0,7.0,7.0,7.0,7.0,7.0,7.0,7.0,7.0,7.0,7.0
NY,PILGRIM PSYCHIATRIC CENTER,998 CROOKED HILL ROAD,WEST BRENTWOOD,11717.0,12/02/2021 12:00:00 AM,560,Yes,Yes,Yes,Yes,Yes,Yes,Yes,Yes,Yes,Yes,Yes,Yes,Yes,Yes,Yes
CA,KECK HOSPITAL OF USC,1500 SAN PABLO STREET,LOS ANGELES,90033.0,12/02/2021 12:00:00 AM,261,6.0,6.0,6.0,6.0,6.0,6.0,6.0,6.0,6.0,6.0,6.0,6.0,6.0,6.0,6.0
CA,SUTTER SURGICAL HOSPITAL - NORTH VALLEY,455 PLUMAS BLVD,YUBA CITY,95991.0,12/02/2021 12:00:00 AM,14,7.0,7.0,7.0,7.0,7.0,7.0,7.0,7.0,7.0,7.0,7.0,7.0,7.0,7.0,7.0
CA,CATALINA ISLAND MEDICAL CENTER,100 FALLS CANYON ROAD,AVALON,90704.0,12/02/2021 12:00:00 AM,12,7.0,7.0,7.0,7.0,7.0,7.0,7.0,7.0,7.0,7.0,7.0,7.0,7.0,7.0,7.0
CA,"MARIAN REGIONAL MEDICAL CENTER, ARROYO GRANDE",345 S HALCYON RD,ARROYO GRANDE,93420.0,12/02/2021 12:00:00 AM,53,7.0,7.0,7.0,7.0,7.0,7.0,7.0,7.0,7.0,7.0,7.0,7.0,7.0,7.0,7.0
CA,"BAKERSFIELD BEHAVIORAL HEALTHCARE HOSPITAL, LLC",5201 WHITE LANE,BAKERSFIELD,93309.0,12/02/2021 12:00:00 AM,90,Yes,Yes,Yes,Yes,Yes,Yes,Yes,Yes,Yes,Yes,Yes,Yes,Yes,Yes,Yes
CA,PACIFIC GROVE HOSPITAL,5900 BROCKTON AVE,RIVERSIDE,92506.0,12/02/2021 12:00:00 AM,46,Yes,Yes,Yes,Yes,Yes,Yes,Yes,Yes,Yes,Yes,Yes,Yes,Yes,Yes,Yes
NY,ERIE COUNTY MEDICAL CENTER,462 GRIDER STREET,BUFFALO,14215.0,12/02/2021 12:00:00 AM,526,7.0,7.0,7.0,7.0,7.0,7.0,7.0,7.0,7.0,7.0,7.0,7.0,7.0,7.0,7.0
CA,PROVIDENCE SAINT JOHN'S HEALTH CENTER,2121 SANTA MONICA BLVD,SANTA MONICA,90404.0,12/02/2021 12:00:00 AM,317,7.0,7.0,7.0,7.0,7.0,7.0,7.0,7.0,7.0,7.0,7.0,7.0,7.0,7.0,7.0
NY,SUNNYVIEW HOSPITAL AND REHABILITATION CENTER,1270 BELMONT AVENUE,SCHENECTADY,12308.0,12/02/2021 12:00:00 AM,115,7.0,7.0,7.0,7.0,7.0,7.0,7.0,7.0,7.0,7.0,7.0,7.0,7.0,7.0,7.0
CA,PROVIDENCE LITTLE CO OF MARY MED CTR SAN PEDRO,1300 W 7TH ST,SAN PEDRO,90732.0,12/02/2021 12:00:00 AM,259,7.0,7.0,7.0,7.0,7.0,7.0,7.0,7.0,7.0,7.0,7.0,7.0,7.0,7.0,7.0
NY,JAMAICA HOSPITAL MEDICAL CENTER,89TH AVENUE AND VAN WYCK EXPRESSWAY,JAMAICA,11418.0,12/02/2021 12:00:00 AM,424,7.0,7.0,7.0,7.0,7.0,7.0,7.0,7.0,7.0,7.0,7.0,7.0,7.0,7.0,7.0
NY,HARLEM HOSPITAL CENTER,506 LENOX AVENUE,NEW YORK,10037.0,12/02/2021 12:00:00 AM,268,7.0,7.0,7.0,7.0,7.0,7.0,7.0,7.0,7.0,7.0,7.0,7.0,7.0,7.0,7.0
NY,ST JOHN'S RIVERSIDE HOSPITAL,976 NORTH BROADWAY,YONKERS,10701.0,12/02/2021 12:00:00 AM,385,7.0,7.0,7.0,7.0,7.0,7.0,7.0,7.0,7.0,7.0,7.0,7.0,7.0,7.0,7.0
CA,ENCOMPASS HEALTH REHABILITATION HOSPITAL OF TUSTIN,14851 YORBA STREET,TUSTIN,92780.0,12/02/2021 12:00:00 AM,117,Yes,Yes,Yes,Yes,Yes,Yes,Yes,Yes,Yes,Yes,Yes,Yes,Yes,Yes,Yes
CA,HI-DESERT MEDICAL CENTER,6601 WHITE FEATHER ROAD,JOSHUA TREE,92252.0,12/02/2021 12:00:00 AM,59,7.0,7.0,7.0,7.0,7.0,7.0,7.0,7.0,7.0,7.0,7.0,7.0,7.0,7.0,7.0
CA,CALIFORNIA PACIFIC MEDICAL CENTER- VAN NESS CAMPUS,1101 VAN NESS AVENUE,SAN FRANCISCO,94109.0,12/02/2021 12:00:00 AM,480,7.0,7.0,7.0,7.0,7.0,7.0,7.0,7.0,7.0,7.0,7.0,7.0,7.0,7.0,7.0
NY,CAYUGA MEDICAL CENTER AT ITHACA,101 DATES DRIVE,ITHACA,14850.0,12/02/2021 12:00:00 AM,212,7.0,7.0,7.0,7.0,7.0,7.0,7.0,7.0,7.0,7.0,7.0,7.0,7.0,7.0,7.0
NY,SCHUYLER HOSPITAL,220 STEUBEN STREET,MONTOUR FALLS,14865.0,12/02/2021 12:00:00 AM,25,7.0,7.0,7.0,7.0,7.0,7.0,7.0,7.0,7.0,7.0,7.0,7.0,7.0,7.0,7.0
CA,SONOMA VALLEY HOSPITAL,347 ANDRIEUX ST,SONOMA,95476.0,12/02/2021 12:00:00 AM,56,7.0,7.0,7.0,7.0,7.0,7.0,7.0,7.0,7.0,7.0,7.0,7.0,7.0,7.0,7.0
CA,NORTHBAY MEDICAL CENTER,1200 B  GALE WILSON BLVD,FAIRFIELD,94533.0,12/02/2021 12:00:00 AM,123,6.0,6.0,6.0,6.0,6.0,6.0,6.0,6.0,6.0,6.0,6.0,6.0,6.0,6.0,6.0
CA,MOUNTAINS COMMUNITY HOSPITAL,29101 HOSPITAL ROAD,LAKE ARROWHEAD,92352.0,12/02/2021 12:00:00 AM,17,7.0,7.0,7.0,7.0,7.0,7.0,7.0,7.0,7.0,7.0,7.0,7.0,7.0,7.0,7.0
CA,SAINT FRANCIS MEMORIAL HOSPITAL,900 HYDE ST,SAN FRANCISCO,94109.0,12/02/2021 12:00:00 AM,288,7.0,7.0,7.0,7.0,7.0,7.0,7.0,7.0,7.0,7.0,7.0,7.0,7.0,7.0,7.0
NY,CANTON-POTSDAM HOSPITAL,50 LEROY STREET,POTSDAM,13676.0,12/02/2021 12:00:00 AM,56,7.0,7.0,7.0,7.0,7.0,7.0,7.0,7.0,7.0,7.0,7.0,7.0,7.0,7.0,7.0
CA,METHODIST HOSPITAL OF SACRAMENTO,7500 HOSPITAL DRIVE,SACRAMENTO,95823.0,12/02/2021 12:00:00 AM,154,7.0,7.0,7.0,7.0,7.0,7.0,7.0,7.0,7.0,7.0,7.0,7.0,7.0,7.0,7.0
CA,ADVENTIST HEALTH BAKERSFIELD,2615 CHESTER AVENUE,BAKERSFIELD,93301.0,12/02/2021 12:00:00 AM,247,7.0,7.0,7.0,7.0,7.0,7.0,7.0,7.0,7.0,7.0,7.0,7.0,7.0,7.0,7.0
NY,"OUR LADY OF LOURDES MEMORIAL HOSPITAL, INC",169 RIVERSIDE DRIVE,BINGHAMTON,13905.0,12/02/2021 12:00:00 AM,267,7.0,7.0,7.0,7.0,7.0,7.0,7.0,7.0,7.0,7.0,7.0,7.0,7.0,7.0,7.0
CA,"DOCTORS HOSPITAL OF RIVERSIDE, LLC",3865 JACKSON STREET,RIVERSIDE,92503.0,12/02/2021 12:00:00 AM,193,7.0,7.0,7.0,7.0,7.0,7.0,7.0,7.0,7.0,7.0,7.0,7.0,7.0,7.0,7.0
CA,EDEN MEDICAL CENTER,20103 LAKE CHABOT ROAD,CASTRO VALLEY,94546.0,12/02/2021 12:00:00 AM,155,7.0,7.0,7.0,7.0,7.0,7.0,7.0,7.0,7.0,7.0,7.0,7.0,7.0,7.0,7.0
CA,MAMMOTH HOSPITAL,85 SIERRA PARK ROAD PO BOX 660,MAMMOTH LAKES,93546.0,12/02/2021 12:00:00 AM,17,7.0,7.0,7.0,7.0,7.0,7.0,7.0,7.0,7.0,7.0,7.0,7.0,7.0,7.0,7.0
NY,BON SECOURS COMMUNITY HOSPITAL,160 EAST MAIN STREET,PORT JERVIS,12771.0,12/02/2021 12:00:00 AM,141,7.0,7.0,7.0,7.0,7.0,7.0,7.0,7.0,7.0,7.0,7.0,7.0,7.0,7.0,7.0
CA,ADVENTIST HEALTH AND RIDEOUT,726 4TH ST,MARYSVILLE,95901.0,12/02/2021 12:00:00 AM,173,7.0,7.0,7.0,7.0,7.0,7.0,7.0,7.0,7.0,7.0,7.0,7.0,7.0,7.0,7.0
CA,SAN DIEGO COUNTY PSYCHIATRIC HOSPITAL,3851 ROSECRANS ST,SAN DIEGO,92110.0,12/02/2021 12:00:00 AM,34,Yes,Yes,Yes,Yes,Yes,Yes,Yes,Yes,Yes,Yes,Yes,Yes,Yes,Yes,Yes
CA,ANAHEIM GLOBAL MEDICAL CENTER,1025 S ANAHEIM BLVD,ANAHEIM,92805.0,12/02/2021 12:00:00 AM,184,7.0,7.0,7.0,7.0,7.0,7.0,7.0,7.0,7.0,7.0,7.0,7.0,7.0,7.0,7.0
CA,SHARP MEMORIAL HOSPITAL,7901 FROST ST,SAN DIEGO,92123.0,12/02/2021 12:00:00 AM,881,7.0,7.0,7.0,7.0,7.0,7.0,7.0,7.0,7.0,7.0,7.0,7.0,7.0,7.0,7.0
NY,ST JOSEPH'S MEDICAL CENTER,127 SOUTH BROADWAY,YONKERS,10701.0,12/02/2021 12:00:00 AM,332,7.0,7.0,7.0,7.0,7.0,7.0,7.0,7.0,7.0,7.0,7.0,7.0,7.0,7.0,7.0
CA,KINDRED HOSPITAL WESTMINSTER,200 HOSPITAL CIRCLE,WESTMINSTER,92683.0,12/02/2021 12:00:00 AM,109,7.0,7.0,7.0,7.0,7.0,7.0,7.0,7.0,7.0,7.0,7.0,7.0,7.0,7.0,7.0
CA,SUTTER LAKESIDE HOSPITAL,5176 HILL ROAD EAST,LAKEPORT,95453.0,12/02/2021 12:00:00 AM,25,7.0,7.0,7.0,7.0,7.0,7.0,7.0,7.0,7.0,7.0,7.0,7.0,7.0,7.0,7.0
NY,AUBURN  COMMUNITY  HOSPITAL,17 LANSING STREET,AUBURN,13021.0,12/02/2021 12:00:00 AM,99,7.0,7.0,7.0,7.0,7.0,7.0,7.0,7.0,7.0,7.0,7.0,7.0,7.0,7.0,7.0
CA,SHARP CHULA VISTA MEDICAL CENTER,751 MEDICAL CENTER COURT,CHULA VISTA,91911.0,12/02/2021 12:00:00 AM,206,7.0,7.0,7.0,7.0,7.0,7.0,7.0,7.0,7.0,7.0,7.0,7.0,7.0,7.0,7.0
CA,KAWEAH HEALTH MEDICAL CENTER,400 W MINERAL KING AVE,VISALIA,93291.0,12/02/2021 12:00:00 AM,448,7.0,7.0,7.0,7.0,7.0,7.0,7.0,7.0,7.0,7.0,7.0,7.0,7.0,7.0,7.0
CA,EMANATE HEALTH INTER-COMMUNITY HOSPITAL,210 W  SAN BERNARDINO ROAD,COVINA,91723.0,12/02/2021 12:00:00 AM,193,7.0,7.0,7.0,7.0,7.0,7.0,7.0,7.0,7.0,7.0,7.0,7.0,7.0,7.0,7.0
CA,ADVENTIST HEALTH TULARE,869 NORTH CHERRY STREET,TULARE,93274.0,12/02/2021 12:00:00 AM,59,7.0,7.0,7.0,7.0,7.0,7.0,7.0,7.0,7.0,7.0,7.0,7.0,7.0,7.0,7.0
NY,ST BARNABAS HOSPITAL,4422 THIRD AVENUE,BRONX,10457.0,12/02/2021 12:00:00 AM,446,7.0,7.0,7.0,7.0,7.0,7.0,7.0,7.0,7.0,7.0,7.0,7.0,7.0,7.0,7.0
CA,ENCOMPASS HEALTH REHABILITATION HOSPITAL OF MODEST,1303 MABLE AVENUE,MODESTO,95355.0,12/02/2021 12:00:00 AM,50,Yes,Yes,Yes,Yes,Yes,Yes,Yes,Yes,Yes,Yes,Yes,Yes,Yes,Yes,Yes
CA,NORTHERN INYO HOSPITAL,150 PIONEER LANE,BISHOP,93514.0,12/02/2021 12:00:00 AM,25,7.0,7.0,7.0,7.0,7.0,7.0,7.0,7.0,7.0,7.0,7.0,7.0,7.0,7.0,7.0
NY,MONTEFIORE MOUNT VERNON HOSPITAL,12 NORTH 7TH AVENUE,MOUNT VERNON,10550.0,12/02/2021 12:00:00 AM,245,7.0,7.0,7.0,7.0,7.0,7.0,7.0,7.0,7.0,7.0,7.0,7.0,7.0,7.0,7.0
CA,LOMA LINDA UNIVERSITY BEHAVIORAL MED CTR,1710 BARTON ROAD,REDLANDS,92373.0,12/02/2021 12:00:00 AM,89,Yes,Yes,Yes,Yes,Yes,Yes,Yes,Yes,Yes,Yes,Yes,Yes,Yes,Yes,Yes
CA,KINDRED HOSPITAL - SAN FRANCISCO BAY AREA,2800 BENEDICT DRIVE,SAN LEANDRO,94577.0,12/02/2021 12:00:00 AM,99,7.0,7.0,7.0,7.0,7.0,7.0,7.0,7.0,7.0,7.0,7.0,7.0,7.0,7.0,7.0
CA,LA PALMA INTERCOMMUNITY HOSPITAL,7901 WALKER STREET,LA PALMA,90623.0,12/02/2021 12:00:00 AM,129,7.0,7.0,7.0,7.0,7.0,7.0,7.0,7.0,7.0,7.0,7.0,7.0,7.0,7.0,7.0
NY,ONEIDA HEALTH HOSPITAL,321 GENESEE STREET,ONEIDA,13421.0,12/02/2021 12:00:00 AM,101,7.0,7.0,7.0,7.0,7.0,7.0,7.0,7.0,7.0,7.0,7.0,7.0,7.0,7.0,7.0
CA,DOCTORS MEDICAL CENTER,1441 FLORIDA AVENUE,MODESTO,95350.0,12/02/2021 12:00:00 AM,457,7.0,7.0,7.0,7.0,7.0,7.0,7.0,7.0,7.0,7.0,7.0,7.0,7.0,7.0,7.0
NY,HUNTINGTON HOSPITAL,270 PARK AVENUE,HUNTINGTON,11743.0,12/02/2021 12:00:00 AM,408,7.0,7.0,7.0,7.0,7.0,7.0,7.0,7.0,7.0,7.0,7.0,7.0,7.0,7.0,7.0
CA,CENTRAL VALLEY SPECIALTY HOSPITAL,730 17TH STREET,MODESTO,95354.0,12/02/2021 12:00:00 AM,36,7.0,7.0,7.0,7.0,7.0,7.0,7.0,7.0,7.0,7.0,7.0,7.0,7.0,7.0,7.0
CA,SANTA BARBARA COTTAGE HOSPITAL,400 WEST PUEBLO,SANTA BARBARA,93102.0,12/02/2021 12:00:00 AM,450,7.0,7.0,7.0,7.0,7.0,7.0,7.0,7.0,7.0,7.0,7.0,7.0,7.0,7.0,7.0
CA,KAISER FOUNDATION HOSPITAL - LOS ANGELES,4867 SUNSET BLVD,LOS ANGELES,90027.0,12/02/2021 12:00:00 AM,507,7.0,7.0,7.0,7.0,7.0,7.0,7.0,7.0,7.0,7.0,7.0,7.0,7.0,7.0,7.0
CA,KAISER FOUNDATION HOSPITAL-MORENO VALLEY,27300 IRIS AVENUE,MORENO VALLEY,92555.0,12/02/2021 12:00:00 AM,101,7.0,7.0,7.0,7.0,7.0,7.0,7.0,7.0,7.0,7.0,7.0,7.0,7.0,7.0,7.0
CA,MONTEREY PARK HOSPITAL,900 S ATLANTIC BLVD,MONTEREY PARK,91754.0,12/02/2021 12:00:00 AM,102,7.0,7.0,7.0,7.0,7.0,7.0,7.0,7.0,7.0,7.0,7.0,7.0,7.0,7.0,7.0
CA,HUNTINGTON BEACH HOSPITAL,17772 BEACH BLVD,HUNTINGTON BEACH,92647.0,12/02/2021 12:00:00 AM,131,7.0,7.0,7.0,7.0,7.0,7.0,7.0,7.0,7.0,7.0,7.0,7.0,7.0,7.0,7.0
NY,GARNET HEALTH MEDICAL CENTER,707 EAST MAIN STREET,MIDDLETOWN,10940.0,12/02/2021 12:00:00 AM,450,7.0,7.0,7.0,7.0,7.0,7.0,7.0,7.0,7.0,7.0,7.0,7.0,7.0,7.0,7.0
NY,MOHAWK VALLEY PSYCHIATRIC CENTER,1400 NOYES ST,UTICA,13502.0,12/02/2021 12:00:00 AM,189,Yes,Yes,Yes,Yes,Yes,Yes,Yes,Yes,Yes,Yes,Yes,Yes,Yes,Yes,Yes
NY,"WESTFIELD MEMORIAL HOSPITAL, INC",189 EAST MAIN STREET,WESTFIELD,14787.0,12/02/2021 12:00:00 AM,4,7.0,7.0,7.0,7.0,7.0,7.0,7.0,7.0,7.0,7.0,7.0,7.0,7.0,7.0,7.0
CA,KAISER FOUNDATION HOSPITAL-SANTA ROSA,401 BICENTENNIAL WAY,SANTA ROSA,95403.0,12/02/2021 12:00:00 AM,173,7.0,7.0,7.0,7.0,7.0,7.0,7.0,7.0,7.0,7.0,7.0,7.0,7.0,7.0,7.0
CA,SURPRISE VALLEY COMMUNITY HOSPITAL,741 NORTH MAIN STREET,CEDARVILLE,96104.0,12/02/2021 12:00:00 AM,4,4.0,4.0,4.0,4.0,4.0,4.0,4.0,4.0,4.0,4.0,4.0,4.0,4.0,4.0,4.0
CA,FOUNTAIN VALLEY REGIONAL HOSPITAL & MEDICAL CENTER,17100 EUCLID STREET,FOUNTAIN VALLEY,92708.0,12/02/2021 12:00:00 AM,389,7.0,7.0,7.0,7.0,7.0,7.0,7.0,7.0,7.0,7.0,7.0,7.0,7.0,7.0,7.0
CA,LANGLEY PORTER PSYCHIATRIC INSTITUTE,401 PARNASSUS AVENUE,SAN FRANCISCO,94143.0,12/02/2021 12:00:00 AM,23,Yes,Yes,Yes,Yes,Yes,Yes,Yes,Yes,Yes,Yes,Yes,Yes,Yes,Yes,Yes
CA,SAN JOSE BEHAVIORAL HEALTH,455 SILICON VALLEY BOULEVARD,SAN JOSE,95138.0,12/02/2021 12:00:00 AM,80,Yes,Yes,Yes,Yes,Yes,Yes,Yes,Yes,Yes,Yes,Yes,Yes,Yes,Yes,Yes
CA,CALIFORNIA HOSPITAL MEDICAL CENTER LA,1401 SOUTH GRAND AVENUE,LOS ANGELES,90015.0,12/02/2021 12:00:00 AM,290,7.0,7.0,7.0,7.0,7.0,7.0,7.0,7.0,7.0,7.0,7.0,7.0,7.0,7.0,7.0
CA,FAIRCHILD MEDICAL CENTER,444 BRUCE STREET,YREKA,96097.0,12/02/2021 12:00:00 AM,25,7.0,7.0,7.0,7.0,7.0,7.0,7.0,7.0,7.0,7.0,7.0,7.0,7.0,7.0,7.0
CA,LAGUNA HONDA HOSPITAL & REHABILITATION CENTER,375 LAGUNA HONDA BLVD,SAN FRANCISCO,94116.0,12/02/2021 12:00:00 AM,11,6.0,6.0,6.0,6.0,6.0,6.0,6.0,6.0,6.0,6.0,6.0,6.0,6.0,6.0,6.0
CA,PROVIDENCE ST. JOSEPH HOSPITAL,1100 WEST STEWART DR,ORANGE,92868.0,12/02/2021 12:00:00 AM,426,7.0,7.0,7.0,7.0,7.0,7.0,7.0,7.0,7.0,7.0,7.0,7.0,7.0,7.0,7.0
CA,SANTA CLARA VALLEY MEDICAL CENTER,751 SOUTH BASCOM AVENUE,SAN JOSE,95128.0,12/02/2021 12:00:00 AM,1182,7.0,7.0,7.0,7.0,7.0,7.0,7.0,7.0,7.0,7.0,7.0,7.0,7.0,7.0,7.0
CA,USC VERDUGO HILLS HOSPITAL,1812 VERDUGO BLVD,GLENDALE,91208.0,12/02/2021 12:00:00 AM,116,7.0,7.0,7.0,7.0,7.0,7.0,7.0,7.0,7.0,7.0,7.0,7.0,7.0,7.0,7.0
NY,"BROOKS-TLC HOSPITAL SYSTEM, INC",529 CENTRAL AVENUE,DUNKIRK,14048.0,12/02/2021 12:00:00 AM,65,7.0,7.0,7.0,7.0,7.0,7.0,7.0,7.0,7.0,7.0,7.0,7.0,7.0,7.0,7.0
CA,GARDEN GROVE HOSPITAL & MEDICAL CENTER,12601 GARDEN GROVE BLVD,GARDEN GROVE,92843.0,12/02/2021 12:00:00 AM,167,7.0,7.0,7.0,7.0,7.0,7.0,7.0,7.0,7.0,7.0,7.0,7.0,7.0,7.0,7.0
CA,CHILDREN'S HOSPITAL OF ORANGE COUNTY,1201 W LA VETA AVE,ORANGE,92868.0,12/02/2021 12:00:00 AM,192,7.0,7.0,7.0,7.0,7.0,7.0,7.0,7.0,7.0,7.0,7.0,7.0,7.0,7.0,7.0
CA,NATIVIDAD MEDICAL CENTER,1441 CONSTITUTION BOULEVARD,SALINAS,93906.0,12/02/2021 12:00:00 AM,172,7.0,7.0,7.0,7.0,7.0,7.0,7.0,7.0,7.0,7.0,7.0,7.0,7.0,7.0,7.0
NY,ST LUKE'S CORNWALL HOSPITAL,70 DUBOIS STREET,NEWBURGH,12550.0,12/02/2021 12:00:00 AM,244,7.0,7.0,7.0,7.0,7.0,7.0,7.0,7.0,7.0,7.0,7.0,7.0,7.0,7.0,7.0
CA,RESNICK NEUROPSYCHIATRIC HOSPITAL AT UCLA,150 MEDICAL PLAZA-RM-4230C,LOS ANGELES,90095.0,12/02/2021 12:00:00 AM,209,Yes,Yes,Yes,Yes,Yes,Yes,Yes,Yes,Yes,Yes,Yes,Yes,Yes,Yes,Yes
CA,BARSTOW COMMUNITY HOSPITAL,820 E MOUNTAIN VIEW STREET,BARSTOW,92311.0,12/02/2021 12:00:00 AM,56,1.0,1.0,1.0,1.0,1.0,1.0,1.0,1.0,1.0,1.0,1.0,1.0,1.0,1.0,1.0
NY,CHENANGO MEMORIAL HOSPITAL,179 NORTH BROAD STREET,NORWICH,13815.0,12/02/2021 12:00:00 AM,58,7.0,7.0,7.0,7.0,7.0,7.0,7.0,7.0,7.0,7.0,7.0,7.0,7.0,7.0,7.0
CA,FREMONT HOSPITAL,39001 SUNDALE DRIVE,FREMONT,94538.0,12/02/2021 12:00:00 AM,96,Yes,Yes,Yes,Yes,Yes,Yes,Yes,Yes,Yes,Yes,Yes,Yes,Yes,Yes,Yes
NY,STONY BROOK UNIVERSITY HOSPITAL,HEALTH SCIENCES CENTER SUNY,STONY BROOK,11794.0,12/02/2021 12:00:00 AM,728,7.0,7.0,7.0,7.0,7.0,7.0,7.0,7.0,7.0,7.0,7.0,7.0,7.0,7.0,7.0
NY,MEMORIAL HOSPITAL FOR CANCER AND ALLIED DISEASES,1275 YORK AVENUE,NEW YORK,10065.0,12/02/2021 12:00:00 AM,514,7.0,7.0,7.0,7.0,7.0,7.0,7.0,7.0,7.0,7.0,7.0,7.0,7.0,7.0,7.0
CA,FOOTHILL REGIONAL MEDICAL CENTER,14662 NEWPORT AVE,TUSTIN,92780.0,12/02/2021 12:00:00 AM,135,7.0,7.0,7.0,7.0,7.0,7.0,7.0,7.0,7.0,7.0,7.0,7.0,7.0,7.0,7.0
CA,MILLS-PENINSULA MEDICAL CENTER,1501 TROUSDALE DRIVE,BURLINGAME,94010.0,12/02/2021 12:00:00 AM,301,7.0,7.0,7.0,7.0,7.0,7.0,7.0,7.0,7.0,7.0,7.0,7.0,7.0,7.0,7.0
CA,JOHN MUIR MEDICAL CENTER - WALNUT CREEK CAMPUS,1601 YGNACIO VALLEY RD,WALNUT CREEK,94598.0,12/02/2021 12:00:00 AM,296,7.0,7.0,7.0,7.0,7.0,7.0,7.0,7.0,7.0,7.0,7.0,7.0,7.0,7.0,7.0
CA,PIONEERS MEMORIAL HEALTHCARE DISTRICT,207 WEST LEGION ROAD,BRAWLEY,92227.0,12/02/2021 12:00:00 AM,99,7.0,7.0,7.0,7.0,7.0,7.0,7.0,7.0,7.0,7.0,7.0,7.0,7.0,7.0,7.0
CA,HENRY MAYO NEWHALL  HOSPITAL,23845  MCBEAN PKWY,VALENCIA,91355.0,12/02/2021 12:00:00 AM,238,6.0,6.0,6.0,6.0,6.0,6.0,6.0,6.0,6.0,6.0,6.0,6.0,6.0,6.0,6.0
NY,O'CONNOR HOSPITAL,460 ANDES ROAD,DELHI,13753.0,12/02/2021 12:00:00 AM,25,4.0,4.0,4.0,4.0,4.0,4.0,4.0,4.0,4.0,4.0,4.0,4.0,4.0,4.0,4.0
CA,SEMPERVIRENS,720 WOOD ST,EUREKA,95501.0,12/02/2021 12:00:00 AM,16,Yes,Yes,Yes,Yes,Yes,Yes,Yes,Yes,Yes,Yes,Yes,Yes,Yes,Yes,Yes
NY,UNITED MEMORIAL MEDICAL CENTER,127 NORTH STREET,BATAVIA,14020.0,12/02/2021 12:00:00 AM,166,6.0,6.0,6.0,6.0,6.0,6.0,6.0,6.0,6.0,6.0,6.0,6.0,6.0,6.0,6.0
CA,KAISER FOUNDATION HOSPITAL - ZION,4647 ZION AVE,SAN DIEGO,92120.0,12/02/2021 12:00:00 AM,659,7.0,7.0,7.0,7.0,7.0,7.0,7.0,7.0,7.0,7.0,7.0,7.0,7.0,7.0,7.0
NY,NEW YORK STATE PSYCHIATRIC INSTITUTE,722 W 168TH ST,NEW YORK,10032.0,12/02/2021 12:00:00 AM,22,Yes,Yes,Yes,Yes,Yes,Yes,Yes,Yes,Yes,Yes,Yes,Yes,Yes,Yes,Yes
CA,SEQUOIA HOSPITAL,170 ALAMEDA DE LAS PULGAS,REDWOOD CITY,94062.0,12/02/2021 12:00:00 AM,208,7.0,7.0,7.0,7.0,7.0,7.0,7.0,7.0,7.0,7.0,7.0,7.0,7.0,7.0,7.0
CA,TARZANA TREATMENT CENTER,18646 OXNARD STREET,TARZANA,91356.0,12/02/2021 12:00:00 AM,60,Yes,Yes,Yes,Yes,Yes,Yes,Yes,Yes,Yes,Yes,Yes,Yes,Yes,Yes,Yes
NY,ROCKLAND CHILDREN'S PSYCHIATRIC CENTER,2 FIRST AVE,ORANGEBURG,10962.0,12/02/2021 12:00:00 AM,30,Yes,Yes,Yes,Yes,Yes,Yes,Yes,Yes,Yes,Yes,Yes,Yes,Yes,Yes,Yes
CA,PALOMAR HEALTH DOWNTOWN CAMPUS,555 EAST VALLEY PARKWAY,ESCONDIDO,92025.0,12/02/2021 12:00:00 AM,583,5.0,5.0,5.0,5.0,5.0,5.0,5.0,5.0,5.0,5.0,5.0,5.0,5.0,5.0,5.0
CA,SHERMAN OAKS HOSPITAL,4929 VAN NUYS BLVD,SHERMAN OAKS,91403.0,12/02/2021 12:00:00 AM,153,7.0,7.0,7.0,7.0,7.0,7.0,7.0,7.0,7.0,7.0,7.0,7.0,7.0,7.0,7.0
CA,STANISLAUS SURGICAL HOSPITAL,1421 OAKDALE ROAD,MODESTO,95355.0,12/02/2021 12:00:00 AM,23,7.0,7.0,7.0,7.0,7.0,7.0,7.0,7.0,7.0,7.0,7.0,7.0,7.0,7.0,7.0
CA,GROSSMONT HOSPITAL,5555 GROSSMONT CENTER DRIVE BOX 58,LA MESA,91942.0,12/02/2021 12:00:00 AM,536,7.0,7.0,7.0,7.0,7.0,7.0,7.0,7.0,7.0,7.0,7.0,7.0,7.0,7.0,7.0
CA,KINDRED HOSPITAL BALDWIN PARK,14148 FRANCISQUITO AVENUE,BALDWIN PARK,91706.0,12/02/2021 12:00:00 AM,95,7.0,7.0,7.0,7.0,7.0,7.0,7.0,7.0,7.0,7.0,7.0,7.0,7.0,7.0,7.0
CA,HEMET GLOBAL MEDICAL CENTER,1117 EAST DEVONSHIRE,HEMET,92543.0,12/02/2021 12:00:00 AM,433,7.0,7.0,7.0,7.0,7.0,7.0,7.0,7.0,7.0,7.0,7.0,7.0,7.0,7.0,7.0
CA,GLENDALE MEM HOSPITAL & HLTH CENTER,1420 S CENTRAL AVE,GLENDALE,91204.0,12/02/2021 12:00:00 AM,304,7.0,7.0,7.0,7.0,7.0,7.0,7.0,7.0,7.0,7.0,7.0,7.0,7.0,7.0,7.0
NY,THE UNIVERSITY OF VERMONT HEALTH NETWORK  - CHAMPL,75 BEEKMAN STREET,PLATTSBURGH,12901.0,12/02/2021 12:00:00 AM,300,7.0,7.0,7.0,7.0,7.0,7.0,7.0,7.0,7.0,7.0,7.0,7.0,7.0,7.0,7.0
CA,ADVENTIST HEALTH LODI MEMORIAL,975 S FAIRMONT AVENUE,LODI,95240.0,12/02/2021 12:00:00 AM,190,7.0,7.0,7.0,7.0,7.0,7.0,7.0,7.0,7.0,7.0,7.0,7.0,7.0,7.0,7.0
CA,MERCY MEDICAL CENTER REDDING,"2175 ROSALINE AVE, CLAIRMONT HGTS",REDDING,96001.0,12/02/2021 12:00:00 AM,267,7.0,7.0,7.0,7.0,7.0,7.0,7.0,7.0,7.0,7.0,7.0,7.0,7.0,7.0,7.0
NY,ELIZABETHTOWN COMMUNITY HOSPITAL,75 PARK STREET,ELIZABETHTOWN,12932.0,12/02/2021 12:00:00 AM,25,7.0,7.0,7.0,7.0,7.0,7.0,7.0,7.0,7.0,7.0,7.0,7.0,7.0,7.0,7.0
CA,SAN JOAQUIN VALLEY REHABILITATION HOSP,7173 N SHARON AVENUE,FRESNO,93720.0,12/02/2021 12:00:00 AM,62,Yes,Yes,Yes,Yes,Yes,Yes,Yes,Yes,Yes,Yes,Yes,Yes,Yes,Yes,Yes
CA,RONALD REAGAN U C L A MEDICAL CENTER,757 WESTWOOD PLAZA,LOS ANGELES,90095.0,12/02/2021 12:00:00 AM,445,7.0,7.0,7.0,7.0,7.0,7.0,7.0,7.0,7.0,7.0,7.0,7.0,7.0,7.0,7.0
CA,EL CAMINO HOSPITAL,2500 GRANT ROAD,MOUNTAIN VIEW,94040.0,12/02/2021 12:00:00 AM,443,7.0,7.0,7.0,7.0,7.0,7.0,7.0,7.0,7.0,7.0,7.0,7.0,7.0,7.0,7.0
NY,MOUNT SINAI HOSPITAL,ONE GUSTAVE L LEVY PLACE,NEW YORK,10029.0,12/02/2021 12:00:00 AM,1171,7.0,7.0,7.0,7.0,7.0,7.0,7.0,7.0,7.0,7.0,7.0,7.0,7.0,7.0,7.0
NY,MOUNT SINAI SOUTH NASSAU,ONE HEALTHY WAY,OCEANSIDE,11572.0,12/02/2021 12:00:00 AM,435,7.0,7.0,7.0,7.0,7.0,7.0,7.0,7.0,7.0,7.0,7.0,7.0,7.0,7.0,7.0
CA,SAN JOAQUIN GENERAL HOSPITAL,500 W HOSPITAL ROAD,FRENCH CAMP,95231.0,12/02/2021 12:00:00 AM,196,7.0,7.0,7.0,7.0,7.0,7.0,7.0,7.0,7.0,7.0,7.0,7.0,7.0,7.0,7.0
CA,MARK TWAIN MEDICAL CENTER,768 MOUNTAIN RANCH RD,SAN ANDREAS,95249.0,12/02/2021 12:00:00 AM,25,7.0,7.0,7.0,7.0,7.0,7.0,7.0,7.0,7.0,7.0,7.0,7.0,7.0,7.0,7.0
NY,NYACK HOSPITAL,160 NORTH MIDLAND AVENUE,NYACK,10960.0,12/02/2021 12:00:00 AM,375,7.0,7.0,7.0,7.0,7.0,7.0,7.0,7.0,7.0,7.0,7.0,7.0,7.0,7.0,7.0
CA,COLLEGE MEDICAL CENTER,2776 PACIFIC AVENUE,LONG BEACH,90806.0,12/02/2021 12:00:00 AM,157,7.0,7.0,7.0,7.0,7.0,7.0,7.0,7.0,7.0,7.0,7.0,7.0,7.0,7.0,7.0
NY,ST PETER'S HOSPITAL,315 SOUTH MANNING BOULEVARD,ALBANY,12208.0,12/02/2021 12:00:00 AM,482,7.0,7.0,7.0,7.0,7.0,7.0,7.0,7.0,7.0,7.0,7.0,7.0,7.0,7.0,7.0
CA,ENLOE MEDICAL CENTER,1531 ESPLANADE,CHICO,95926.0,12/02/2021 12:00:00 AM,298,7.0,7.0,7.0,7.0,7.0,7.0,7.0,7.0,7.0,7.0,7.0,7.0,7.0,7.0,7.0
CA,SCRIPPS MERCY HOSPITAL,4077 5TH AVE,SAN DIEGO,92103.0,12/02/2021 12:00:00 AM,700,7.0,7.0,7.0,7.0,7.0,7.0,7.0,7.0,7.0,7.0,7.0,7.0,7.0,7.0,7.0
CA,SUTTER AMADOR HOSPITAL,200 MISSION BLVD,JACKSON,95642.0,12/02/2021 12:00:00 AM,52,7.0,7.0,7.0,7.0,7.0,7.0,7.0,7.0,7.0,7.0,7.0,7.0,7.0,7.0,7.0
CA,MARIAN REGIONAL MEDICAL CENTER,1400 E CHURCH ST,SANTA MARIA,93454.0,12/02/2021 12:00:00 AM,132,7.0,7.0,7.0,7.0,7.0,7.0,7.0,7.0,7.0,7.0,7.0,7.0,7.0,7.0,7.0
CA,AURORA CHARTER OAK,1161 E COVINA BLVD,COVINA,91724.0,12/02/2021 12:00:00 AM,95,Yes,Yes,Yes,Yes,Yes,Yes,Yes,Yes,Yes,Yes,Yes,Yes,Yes,Yes,Yes
NY,LEWIS COUNTY GENERAL HOSPITAL,7785 NORTH STATE STREET,LOWVILLE,13367.0,12/02/2021 12:00:00 AM,25,7.0,7.0,7.0,7.0,7.0,7.0,7.0,7.0,7.0,7.0,7.0,7.0,7.0,7.0,7.0
CA,KAISER FOUNDATION HOSPITAL-SAN JOSE,250 HOSPITAL PARKWAY,SAN JOSE,95119.0,12/02/2021 12:00:00 AM,247,7.0,7.0,7.0,7.0,7.0,7.0,7.0,7.0,7.0,7.0,7.0,7.0,7.0,7.0,7.0
CA,SAN GABRIEL VALLEY MEDICAL CENTER,438 W LAS TUNAS DRIVE,SAN GABRIEL,91776.0,12/02/2021 12:00:00 AM,273,7.0,7.0,7.0,7.0,7.0,7.0,7.0,7.0,7.0,7.0,7.0,7.0,7.0,7.0,7.0
NY,LONG ISLAND COMMUNITY HOSPITAL,101 HOSPITAL ROAD,PATCHOGUE,11772.0,12/02/2021 12:00:00 AM,306,7.0,7.0,7.0,7.0,7.0,7.0,7.0,7.0,7.0,7.0,7.0,7.0,7.0,7.0,7.0
CA,CANYON RIDGE HOSPITAL,5353 G STREET,CHINO,91710.0,12/02/2021 12:00:00 AM,106,Yes,Yes,Yes,Yes,Yes,Yes,Yes,Yes,Yes,Yes,Yes,Yes,Yes,Yes,Yes
CA,BARTON MEMORIAL HOSPITAL,2170 SOUTH AVENUE,SOUTH LAKE TAHOE,96150.0,12/02/2021 12:00:00 AM,64,7.0,7.0,7.0,7.0,7.0,7.0,7.0,7.0,7.0,7.0,7.0,7.0,7.0,7.0,7.0
CA,SCRIPPS MEMORIAL HOSPITAL - ENCINITAS,354 SANTA FE DRIVE,ENCINITAS,92024.0,12/02/2021 12:00:00 AM,158,7.0,7.0,7.0,7.0,7.0,7.0,7.0,7.0,7.0,7.0,7.0,7.0,7.0,7.0,7.0
NY,HUTCHINGS PSYCHIATRIC CTR,620 MADISON STREET,SYRACUSE,13210.0,12/02/2021 12:00:00 AM,128,Yes,Yes,Yes,Yes,Yes,Yes,Yes,Yes,Yes,Yes,Yes,Yes,Yes,Yes,Yes
CA,ARROWHEAD REGIONAL MEDICAL CENTER,400 NORTH PEPPER AVENUE,COLTON,92324.0,12/02/2021 12:00:00 AM,456,7.0,7.0,7.0,7.0,7.0,7.0,7.0,7.0,7.0,7.0,7.0,7.0,7.0,7.0,7.0
NY,MID HUDSON FORENSIC PSYCHIATRIC CTR,BOX 158 ROUTE 17M,NEW HAMPTON,10958.0,12/02/2021 12:00:00 AM,280,Yes,Yes,Yes,Yes,Yes,Yes,Yes,Yes,Yes,Yes,Yes,Yes,Yes,Yes,Yes
NY,MOUNT ST MARY'S HOSPITAL AND  HEALTH CENTER,5300 MILITARY ROAD,LEWISTON,14092.0,12/02/2021 12:00:00 AM,179,7.0,7.0,7.0,7.0,7.0,7.0,7.0,7.0,7.0,7.0,7.0,7.0,7.0,7.0,7.0
CA,HEALTHBRIDGE CHILDREN'S HOSPITAL - ORANGE,393 S TUSTIN STREET,ORANGE,92866.0,12/02/2021 12:00:00 AM,6,7.0,7.0,7.0,7.0,7.0,7.0,7.0,7.0,7.0,7.0,7.0,7.0,7.0,7.0,7.0
CA,SUTTER MATERNITY & SURGERY CENTER OF SANTA CRUZ,2900 CHANTICLEER AVENUE,SANTA CRUZ,95065.0,12/02/2021 12:00:00 AM,30,7.0,7.0,7.0,7.0,7.0,7.0,7.0,7.0,7.0,7.0,7.0,7.0,7.0,7.0,7.0
CA,SANTA BARBARA COUNTY PSYCHIATRIC HEALTH FACILITY,315 CAMINO DEL REMEDIO,SANTA BARBARA,93110.0,12/02/2021 12:00:00 AM,16,Yes,Yes,Yes,Yes,Yes,Yes,Yes,Yes,Yes,Yes,Yes,Yes,Yes,Yes,Yes
CA,SUTTER SANTA ROSA REGIONAL HOSPITAL,30 MARK WEST SPRINGS ROAD,SANTA ROSA,95403.0,12/02/2021 12:00:00 AM,170,7.0,7.0,7.0,7.0,7.0,7.0,7.0,7.0,7.0,7.0,7.0,7.0,7.0,7.0,7.0
CA,ADVENTIST HEALTH SIMI VALLEY,2975 N SYCAMORE DR,SIMI VALLEY,93065.0,12/02/2021 12:00:00 AM,149,7.0,7.0,7.0,7.0,7.0,7.0,7.0,7.0,7.0,7.0,7.0,7.0,7.0,7.0,7.0
CA,KINDRED HOSPITAL SOUTH BAY,1246 WEST 155TH STREET,GARDENA,90247.0,12/02/2021 12:00:00 AM,38,7.0,7.0,7.0,7.0,7.0,7.0,7.0,7.0,7.0,7.0,7.0,7.0,7.0,7.0,7.0
NY,GOOD SAMARITAN HOSPITAL MEDICAL CENTER,1000 MONTAUK HIGHWAY,WEST ISLIP,11795.0,12/02/2021 12:00:00 AM,437,7.0,7.0,7.0,7.0,7.0,7.0,7.0,7.0,7.0,7.0,7.0,7.0,7.0,7.0,7.0
CA,ST MARY'S MEDICAL CENTER,450 STANYAN ST,SAN FRANCISCO,94117.0,12/02/2021 12:00:00 AM,181,7.0,7.0,7.0,7.0,7.0,7.0,7.0,7.0,7.0,7.0,7.0,7.0,7.0,7.0,7.0
NY,ALBANY MEDICAL CENTER HOSPITAL,"43 NEW SCOTLAND AVENUE, MAIL CODE 34",ALBANY,12208.0,12/02/2021 12:00:00 AM,732,7.0,7.0,7.0,7.0,7.0,7.0,7.0,7.0,7.0,7.0,7.0,7.0,7.0,7.0,7.0
CA,COMMUNITY HOSPITAL OF HUNTINGTON PARK,2623 E SLAUSON AVE,HUNTINGTON PARK,90255.0,12/02/2021 12:00:00 AM,81,7.0,7.0,7.0,7.0,7.0,7.0,7.0,7.0,7.0,7.0,7.0,7.0,7.0,7.0,7.0
CA,SOUTHERN INYO HOSPITAL,501 EAST LOCUST STREET,LONE PINE,93545.0,12/02/2021 12:00:00 AM,25,7.0,7.0,7.0,7.0,7.0,7.0,7.0,7.0,7.0,7.0,7.0,7.0,7.0,7.0,7.0
CA,SCRIPPS MEMORIAL HOSPITAL LA JOLLA,9888 GENESEE AVENUE,LA JOLLA,92037.0,12/02/2021 12:00:00 AM,318,7.0,7.0,7.0,7.0,7.0,7.0,7.0,7.0,7.0,7.0,7.0,7.0,7.0,7.0,7.0
CA,ADVENTIST HEALTH MENDOCINO COAST,700 RIVER DRIVE,FORT BRAGG,95437.0,12/02/2021 12:00:00 AM,25,7.0,7.0,7.0,7.0,7.0,7.0,7.0,7.0,7.0,7.0,7.0,7.0,7.0,7.0,7.0
NY,FOUR WINDS OF SARATOGA,30 CRESCENT AVE,SARATOGA SPRINGS,12866.0,12/02/2021 12:00:00 AM,83,Yes,Yes,Yes,Yes,Yes,Yes,Yes,Yes,Yes,Yes,Yes,Yes,Yes,Yes,Yes
CA,MISSION COMMUNITY HOSPITAL,14850 ROSCOE BLVD,PANORAMA CITY,91402.0,12/02/2021 12:00:00 AM,96,7.0,7.0,7.0,7.0,7.0,7.0,7.0,7.0,7.0,7.0,7.0,7.0,7.0,7.0,7.0
CA,HUNTINGTON HOSPITAL,100 W  CALIFORNIA BLVD,PASADENA,91109.0,12/02/2021 12:00:00 AM,625,7.0,7.0,7.0,7.0,7.0,7.0,7.0,7.0,7.0,7.0,7.0,7.0,7.0,7.0,7.0
NY,HELEN HAYES HOSPITAL,51 NORTH ROUTE 9W,WEST HAVERSTRAW,10993.0,12/02/2021 12:00:00 AM,130,7.0,7.0,7.0,7.0,7.0,7.0,7.0,7.0,7.0,7.0,7.0,7.0,7.0,7.0,7.0
NY,WHITE PLAINS HOSPITAL CENTER,41 EAST POST R0AD,WHITE PLAINS,10601.0,12/02/2021 12:00:00 AM,240,7.0,7.0,7.0,7.0,7.0,7.0,7.0,7.0,7.0,7.0,7.0,7.0,7.0,7.0,7.0
CA,LAC+USC MEDICAL CENTER,"1200 N STATE ST, ROOM C2K100",LOS ANGELES,90033.0,12/02/2021 12:00:00 AM,1395,7.0,7.0,7.0,7.0,7.0,7.0,7.0,7.0,7.0,7.0,7.0,7.0,7.0,7.0,7.0
CA,PLACENTIA LINDA HOSPITAL,1301 N ROSE DRIVE,PLACENTIA,92870.0,12/02/2021 12:00:00 AM,114,7.0,7.0,7.0,7.0,7.0,7.0,7.0,7.0,7.0,7.0,7.0,7.0,7.0,7.0,7.0
CA,SIERRA NEVADA MEMORIAL HOSPITAL,155 GLASSON WAY,GRASS VALLEY,95945.0,12/02/2021 12:00:00 AM,124,7.0,7.0,7.0,7.0,7.0,7.0,7.0,7.0,7.0,7.0,7.0,7.0,7.0,7.0,7.0
CA,GEORGE L MEE MEMORIAL HOSPITAL,300 CANAL STREET,KING CITY,93930.0,12/02/2021 12:00:00 AM,25,7.0,7.0,7.0,7.0,7.0,7.0,7.0,7.0,7.0,7.0,7.0,7.0,7.0,7.0,7.0
CA,KAISER FOUNDATION HOSPITAL - WALNUT CREEK,1425 S MAIN STREET,WALNUT CREEK,94596.0,12/02/2021 12:00:00 AM,362,7.0,7.0,7.0,7.0,7.0,7.0,7.0,7.0,7.0,7.0,7.0,7.0,7.0,7.0,7.0
CA,KAISER FOUNDATION HOSPITAL - REDWOOD CITY,1100 VETERANS BOULEVARD,REDWOOD CITY,94063.0,12/02/2021 12:00:00 AM,149,7.0,7.0,7.0,7.0,7.0,7.0,7.0,7.0,7.0,7.0,7.0,7.0,7.0,7.0,7.0
CA,SUTTER SOLANO MEDICAL CENTER,300 HOSPITAL DR,VALLEJO,94589.0,12/02/2021 12:00:00 AM,102,7.0,7.0,7.0,7.0,7.0,7.0,7.0,7.0,7.0,7.0,7.0,7.0,7.0,7.0,7.0
NY,UPMC CHAUTAUQUA AT WCA,207 FOOTE AVENUE,JAMESTOWN,14701.0,12/02/2021 12:00:00 AM,88,7.0,7.0,7.0,7.0,7.0,7.0,7.0,7.0,7.0,7.0,7.0,7.0,7.0,7.0,7.0
CA,LONG BEACH MEMORIAL MEDICAL CENTER,2801 ATLANTIC AVE,LONG BEACH,90806.0,12/02/2021 12:00:00 AM,528,7.0,7.0,7.0,7.0,7.0,7.0,7.0,7.0,7.0,7.0,7.0,7.0,7.0,7.0,7.0
CA,WOODLAND MEMORIAL HOSPITAL,1325 COTTONWOOD STREET,WOODLAND,95695.0,12/02/2021 12:00:00 AM,122,7.0,7.0,7.0,7.0,7.0,7.0,7.0,7.0,7.0,7.0,7.0,7.0,7.0,7.0,7.0
NY,"ROME MEMORIAL HOSPITAL, INC",1500 NORTH JAMES STREET,ROME,13440.0,12/02/2021 12:00:00 AM,144,7.0,7.0,7.0,7.0,7.0,7.0,7.0,7.0,7.0,7.0,7.0,7.0,7.0,7.0,7.0
CA,EL CENTRO REGIONAL MEDICAL CENTER,1415 ROSS AVENUE,EL CENTRO,92243.0,12/02/2021 12:00:00 AM,153,7.0,7.0,7.0,7.0,7.0,7.0,7.0,7.0,7.0,7.0,7.0,7.0,7.0,7.0,7.0
CA,CEDAR-SINAI MARINA DEL REY HOSPITAL,4650 LINCOLN BLVD,MARINA DEL REY,90291.0,12/02/2021 12:00:00 AM,145,7.0,7.0,7.0,7.0,7.0,7.0,7.0,7.0,7.0,7.0,7.0,7.0,7.0,7.0,7.0
NY,GREATER BINGHAMTON HEALTH CENTER,425 ROBINSON ST,BINGHAMTON,13901.0,12/02/2021 12:00:00 AM,154,Yes,Yes,Yes,Yes,Yes,Yes,Yes,Yes,Yes,Yes,Yes,Yes,Yes,Yes,Yes
CA,LOMA LINDA UNIVERSITY MEDICAL CENTER-MURRIETA,28062 BAXTER ROAD,MURRIETA,92563.0,12/02/2021 12:00:00 AM,106,7.0,7.0,7.0,7.0,7.0,7.0,7.0,7.0,7.0,7.0,7.0,7.0,7.0,7.0,7.0
CA,MEMORIAL MEDICAL CENTER,1700 COFFEE RD,MODESTO,95355.0,12/02/2021 12:00:00 AM,275,7.0,7.0,7.0,7.0,7.0,7.0,7.0,7.0,7.0,7.0,7.0,7.0,7.0,7.0,7.0
NY,LONG ISLAND JEWISH MEDICAL CENTER,270 - 05 76TH AVENUE,NEW HYDE PARK,11040.0,12/02/2021 12:00:00 AM,1025,7.0,7.0,7.0,7.0,7.0,7.0,7.0,7.0,7.0,7.0,7.0,7.0,7.0,7.0,7.0
CA,BANNER LASSEN MEDICAL CENTER,1800 SPRING RIDGE DRIVE,SUSANVILLE,96130.0,12/02/2021 12:00:00 AM,25,7.0,7.0,7.0,7.0,7.0,7.0,7.0,7.0,7.0,7.0,7.0,7.0,7.0,7.0,7.0
CA,EISENHOWER MEDICAL CENTER,39-000 BOB HOPE DRIVE,RANCHO MIRAGE,92270.0,12/02/2021 12:00:00 AM,289,7.0,7.0,7.0,7.0,7.0,7.0,7.0,7.0,7.0,7.0,7.0,7.0,7.0,7.0,7.0
CA,SUTTER COAST HOSPITAL,800 E WASHINGTON BLVD,CRESCENT CITY,95531.0,12/02/2021 12:00:00 AM,49,7.0,7.0,7.0,7.0,7.0,7.0,7.0,7.0,7.0,7.0,7.0,7.0,7.0,7.0,7.0
CA,KAISER FOUNDATION HOSPITAL - DOWNEY,9333 IMPERIAL HIGHWAY,DOWNEY,90242.0,12/02/2021 12:00:00 AM,352,7.0,7.0,7.0,7.0,7.0,7.0,7.0,7.0,7.0,7.0,7.0,7.0,7.0,7.0,7.0
NY,BRYLIN HOSP,1263 DELAWARE AVE,BUFFALO,14209.0,12/02/2021 12:00:00 AM,88,Yes,Yes,Yes,Yes,Yes,Yes,Yes,Yes,Yes,Yes,Yes,Yes,Yes,Yes,Yes
